Age,Employee Count,Employee Id,Gender,Marital Status,Over 18,Over Time,Num Companies Worked,Standard Hours,Department,Business Travel,Job Role,Job Level,Job Involvement,Total Working Years,Years At Company,Years In Current Role,Years Since Last Promotion,Years With Curr Manager,Training Times Last Year,Daily Rate,Hourly Rate,Monthly Rate,MonthlyIncome,Percent Salary Hike,Stock Option Level,Environment Satisfaction,Job Satisfaction,Relationship Satisfaction,Work Life Balance,Performance Rating,Education,Education Field,Attrition,Distance From Home
41,1,1,Female,Single,Y,Yes,8,80,Sales,Travel_Rarely,Sales Executive,2,3,8,6,4,0,5,0,1102,94,19479,5993,11,0,2,4,1,1,3,2,Life Sciences,Yes,1
49,1,2,Male,Married,Y,No,1,80,Research & Development,Travel_Frequently,Research Scientist,2,2,10,10,7,1,7,3,279,61,24907,5130,23,1,3,2,4,3,4,1,Life Sciences,No,8
37,1,4,Male,Single,Y,Yes,6,80,Research & Development,Travel_Rarely,Laboratory Technician,1,2,7,0,0,0,0,3,1373,92,2396,2090,15,0,4,3,2,3,3,2,Other,Yes,2
33,1,5,Female,Married,Y,Yes,1,80,Research & Development,Travel_Frequently,Research Scientist,1,3,8,8,7,3,0,3,1392,56,23159,2909,11,0,4,3,3,3,3,4,Life Sciences,No,3
27,1,7,Male,Married,Y,No,9,80,Research & Development,Travel_Rarely,Laboratory Technician,1,3,6,2,2,2,2,3,591,40,16632,3468,12,1,1,2,4,3,3,1,Medical,No,2
32,1,8,Male,Single,Y,No,0,80,Research & Development,Travel_Frequently,Laboratory Technician,1,3,8,7,7,3,6,2,1005,79,11864,3068,13,0,4,4,3,2,3,2,Life Sciences,No,2
59,1,10,Female,Married,Y,Yes,4,80,Research & Development,Travel_Rarely,Laboratory Technician,1,4,12,1,0,0,0,3,1324,81,9964,2670,20,3,3,1,1,2,4,3,Medical,No,3
30,1,11,Male,Divorced,Y,No,1,80,Research & Development,Travel_Rarely,Laboratory Technician,1,3,1,1,0,0,0,2,1358,67,13335,2693,22,1,4,3,2,3,4,1,Life Sciences,No,24
38,1,12,Male,Single,Y,No,0,80,Research & Development,Travel_Frequently,Manufacturing Director,3,2,10,9,7,1,8,2,216,44,8787,9526,21,0,4,3,2,3,4,3,Life Sciences,No,23
36,1,13,Male,Married,Y,No,6,80,Research & Development,Travel_Rarely,Healthcare Representative,2,3,17,7,7,7,7,3,1299,94,16577,5237,13,2,3,3,2,2,3,3,Medical,No,27
35,1,14,Male,Married,Y,No,0,80,Research & Development,Travel_Rarely,Laboratory Technician,1,4,6,5,4,0,3,5,809,84,16479,2426,13,1,1,2,3,3,3,3,Medical,No,16
29,1,15,Female,Single,Y,Yes,0,80,Research & Development,Travel_Rarely,Laboratory Technician,2,2,10,9,5,0,8,3,153,49,12682,4193,12,0,4,3,4,3,3,2,Life Sciences,No,15
31,1,16,Male,Divorced,Y,No,1,80,Research & Development,Travel_Rarely,Research Scientist,1,3,5,5,2,4,3,1,670,31,15170,2911,17,1,1,3,4,2,3,1,Life Sciences,No,26
34,1,18,Male,Divorced,Y,No,0,80,Research & Development,Travel_Rarely,Laboratory Technician,1,3,3,2,2,1,2,2,1346,93,8758,2661,11,1,2,4,3,3,3,2,Medical,No,19
28,1,19,Male,Single,Y,Yes,5,80,Research & Development,Travel_Rarely,Laboratory Technician,1,2,6,4,2,0,3,4,103,50,12947,2028,14,0,3,3,2,3,3,3,Life Sciences,Yes,24
29,1,20,Female,Divorced,Y,No,1,80,Research & Development,Travel_Rarely,Manufacturing Director,3,4,10,10,9,8,8,1,1389,51,10195,9980,11,1,2,1,3,3,3,4,Life Sciences,No,21
32,1,21,Male,Divorced,Y,Yes,0,80,Research & Development,Travel_Rarely,Research Scientist,1,4,7,6,2,0,5,5,334,80,15053,3298,12,2,1,2,4,2,3,2,Life Sciences,No,5
22,1,22,Male,Divorced,Y,Yes,1,80,Research & Development,Non-Travel,Laboratory Technician,1,4,1,1,0,0,0,2,1123,96,7324,2935,13,2,4,4,2,2,3,2,Medical,No,16
53,1,23,Female,Married,Y,No,2,80,Sales,Travel_Rarely,Manager,4,2,31,25,8,3,7,3,1219,78,22021,15427,16,0,1,4,3,3,3,4,Life Sciences,No,2
38,1,24,Male,Single,Y,Yes,5,80,Research & Development,Travel_Rarely,Research Scientist,1,3,6,3,2,1,2,3,371,45,4306,3944,11,0,4,4,3,3,3,3,Life Sciences,No,2
24,1,26,Female,Divorced,Y,No,0,80,Research & Development,Non-Travel,Manufacturing Director,2,4,5,4,2,1,3,5,673,96,8232,4011,18,1,1,3,4,2,3,2,Other,No,11
36,1,27,Male,Single,Y,No,7,80,Sales,Travel_Rarely,Sales Representative,1,2,10,5,3,0,3,4,1218,82,6986,3407,23,0,3,1,2,3,4,4,Life Sciences,Yes,9
34,1,28,Female,Single,Y,No,0,80,Research & Development,Travel_Rarely,Research Director,3,3,13,12,6,2,11,4,419,53,21293,11994,11,0,1,2,3,3,3,4,Life Sciences,No,7
21,1,30,Male,Single,Y,No,1,80,Research & Development,Travel_Rarely,Research Scientist,1,3,0,0,0,0,0,6,391,96,19281,1232,14,0,3,4,4,3,3,2,Life Sciences,No,15
34,1,31,Male,Single,Y,No,2,80,Research & Development,Travel_Rarely,Research Scientist,1,3,8,4,2,1,3,2,699,83,17102,2960,11,0,2,1,3,3,3,1,Medical,Yes,6
53,1,32,Female,Divorced,Y,No,4,80,Research & Development,Travel_Rarely,Manager,5,3,26,14,13,4,8,3,1282,58,10735,19094,11,1,3,3,4,2,3,3,Other,No,5
32,1,33,Female,Single,Y,Yes,1,80,Research & Development,Travel_Frequently,Research Scientist,1,1,10,10,2,6,7,5,1125,72,4681,3919,22,0,2,1,2,3,4,1,Life Sciences,Yes,16
42,1,35,Male,Married,Y,No,0,80,Sales,Travel_Rarely,Sales Executive,2,3,10,9,7,4,2,2,691,48,21173,6825,11,1,3,2,4,3,3,4,Marketing,No,8
44,1,36,Female,Married,Y,No,3,80,Research & Development,Travel_Rarely,Healthcare Representative,3,2,24,22,6,5,17,4,477,42,2094,10248,14,1,1,4,4,3,3,4,Medical,No,7
46,1,38,Female,Single,Y,No,3,80,Sales,Travel_Rarely,Manager,5,3,22,2,2,2,1,2,705,83,22822,18947,12,0,2,1,4,2,3,4,Marketing,No,2
33,1,39,Male,Single,Y,No,4,80,Research & Development,Travel_Rarely,Laboratory Technician,1,3,7,1,1,0,0,3,924,78,6670,2496,11,0,3,4,4,3,3,3,Medical,No,2
44,1,40,Male,Married,Y,Yes,2,80,Research & Development,Travel_Rarely,Healthcare Representative,2,3,9,4,2,1,3,5,1459,41,19121,6465,13,0,4,4,4,4,3,4,Other,No,10
30,1,41,Male,Single,Y,No,1,80,Research & Development,Travel_Rarely,Laboratory Technician,1,2,10,10,0,1,8,5,125,83,16117,2206,13,0,4,3,1,3,3,2,Medical,No,9
39,1,42,Male,Married,Y,No,3,80,Sales,Travel_Rarely,Sales Representative,2,3,19,1,0,0,0,6,895,56,3335,2086,14,1,4,4,3,4,3,3,Technical Degree,Yes,5
24,1,45,Male,Married,Y,Yes,2,80,Research & Development,Travel_Rarely,Research Scientist,1,3,6,2,0,2,0,2,813,61,3020,2293,16,1,2,4,1,2,3,3,Medical,Yes,1
43,1,46,Female,Divorced,Y,No,1,80,Research & Development,Travel_Rarely,Research Scientist,1,4,6,5,3,1,4,3,1273,72,21923,2645,12,2,4,3,4,2,3,2,Medical,No,2
50,1,47,Male,Married,Y,Yes,1,80,Sales,Travel_Rarely,Sales Representative,1,2,3,3,2,0,2,2,869,86,3810,2683,14,0,1,3,3,3,3,2,Marketing,Yes,3
35,1,49,Female,Married,Y,No,1,80,Sales,Travel_Rarely,Sales Representative,1,3,2,2,2,2,2,3,890,97,9687,2014,13,0,4,4,1,3,3,3,Marketing,No,2
36,1,51,Female,Married,Y,Yes,9,80,Research & Development,Travel_Rarely,Research Scientist,1,2,6,1,1,0,0,3,852,82,13072,3419,14,1,2,1,4,4,3,4,Life Sciences,No,5
33,1,52,Female,Married,Y,No,2,80,Sales,Travel_Frequently,Sales Executive,2,4,10,5,3,1,3,3,1141,42,3193,5376,19,2,3,1,1,3,3,3,Life Sciences,No,1
35,1,53,Male,Divorced,Y,No,1,80,Research & Development,Travel_Rarely,Laboratory Technician,1,3,1,1,0,0,0,3,464,75,10910,1951,12,1,3,4,3,3,3,2,Other,No,4
27,1,54,Female,Divorced,Y,No,1,80,Research & Development,Travel_Rarely,Laboratory Technician,1,3,1,1,0,0,0,6,1240,33,19715,2341,13,1,4,1,4,3,3,4,Life Sciences,No,2
26,1,55,Male,Single,Y,No,1,80,Research & Development,Travel_Rarely,Laboratory Technician,1,1,1,1,0,0,1,2,1357,48,10558,2293,12,0,1,3,3,2,3,3,Life Sciences,Yes,25
27,1,56,Male,Single,Y,No,1,80,Sales,Travel_Frequently,Sales Executive,3,3,9,9,8,1,7,0,994,37,2975,8726,15,0,4,3,4,3,3,3,Life Sciences,No,8
30,1,57,Female,Single,Y,No,1,80,Research & Development,Travel_Frequently,Laboratory Technician,2,3,12,12,8,3,7,2,721,58,10781,4011,23,0,3,4,4,3,4,2,Medical,No,1
41,1,58,Female,Married,Y,No,1,80,Research & Development,Travel_Rarely,Research Director,5,3,23,22,15,15,8,0,1360,49,16280,19545,12,0,2,3,4,3,3,3,Technical Degree,Yes,12
34,1,60,Male,Single,Y,No,0,80,Sales,Non-Travel,Sales Executive,2,3,10,9,5,8,7,2,1065,72,10034,4568,20,0,2,3,3,3,4,4,Marketing,No,23
37,1,61,Male,Married,Y,No,4,80,Research & Development,Travel_Rarely,Research Scientist,1,3,8,1,0,0,0,1,408,73,10227,3022,21,0,2,2,1,3,4,2,Life Sciences,No,19
46,1,62,Male,Single,Y,Yes,4,80,Sales,Travel_Frequently,Sales Executive,2,3,14,9,6,0,8,4,1211,98,20445,5772,21,0,1,4,3,3,4,4,Marketing,No,5
35,1,63,Male,Married,Y,No,1,80,Research & Development,Travel_Rarely,Laboratory Technician,1,4,1,1,0,0,1,2,1229,36,4892,2269,19,0,4,4,4,3,3,1,Life Sciences,No,8
48,1,64,Male,Single,Y,Yes,9,80,Research & Development,Travel_Rarely,Laboratory Technician,3,2,23,1,0,0,0,2,626,98,19294,5381,13,0,1,3,4,3,3,2,Life Sciences,Yes,1
28,1,65,Male,Single,Y,Yes,1,80,Research & Development,Travel_Rarely,Laboratory Technician,1,3,2,2,2,2,2,3,1434,50,11179,3441,13,0,3,3,3,2,3,4,Technical Degree,Yes,5
44,1,68,Female,Divorced,Y,Yes,5,80,Sales,Travel_Rarely,Sales Executive,2,3,9,4,3,1,3,2,1488,75,4009,5454,21,1,2,1,3,2,4,5,Marketing,No,1
35,1,70,Male,Married,Y,Yes,2,80,Research & Development,Non-Travel,Healthcare Representative,3,2,10,4,0,2,3,3,1097,79,8302,9884,13,1,3,1,3,3,3,2,Medical,No,11
26,1,72,Female,Married,Y,Yes,7,80,Sales,Travel_Rarely,Sales Executive,2,2,5,2,2,0,0,2,1443,47,21436,4157,19,1,3,4,3,2,3,3,Marketing,No,23
33,1,73,Female,Single,Y,Yes,1,80,Research & Development,Travel_Frequently,Research Director,3,3,15,15,14,8,12,1,515,98,15146,13458,12,0,1,4,3,3,3,2,Life Sciences,No,1
35,1,74,Male,Married,Y,No,1,80,Sales,Travel_Frequently,Sales Executive,3,3,9,9,8,1,8,3,853,71,11031,9069,22,1,2,1,4,2,4,5,Life Sciences,No,18
35,1,75,Female,Married,Y,Yes,3,80,Research & Development,Travel_Rarely,Laboratory Technician,1,3,4,2,2,2,2,3,1142,30,16002,4014,15,1,3,1,3,3,3,4,Medical,No,23
31,1,76,Male,Divorced,Y,No,3,80,Research & Development,Travel_Rarely,Laboratory Technician,2,3,10,7,7,1,7,3,655,48,9528,5915,22,1,4,4,4,2,4,4,Life Sciences,No,7
37,1,77,Male,Divorced,Y,No,1,80,Research & Development,Travel_Rarely,Manufacturing Director,2,2,7,7,5,0,7,2,1115,51,2689,5993,18,1,1,3,3,4,3,4,Life Sciences,No,1
32,1,78,Male,Married,Y,Yes,1,80,Research & Development,Travel_Rarely,Manufacturing Director,2,3,9,9,8,7,8,3,427,33,10877,6162,22,1,1,4,2,3,4,3,Medical,No,1
38,1,79,Female,Single,Y,No,1,80,Research & Development,Travel_Frequently,Laboratory Technician,2,3,10,10,3,9,9,2,653,50,5456,2406,11,0,4,4,4,3,3,5,Life Sciences,No,29
50,1,80,Female,Divorced,Y,Yes,5,80,Research & Development,Travel_Rarely,Research Director,5,2,29,27,3,13,8,2,989,43,16701,18740,12,1,2,3,4,2,3,2,Medical,No,7
59,1,81,Female,Single,Y,No,7,80,Sales,Travel_Rarely,Sales Executive,3,3,28,21,16,7,9,3,1435,99,2354,7637,11,0,1,1,4,2,3,3,Life Sciences,No,25
36,1,83,Female,Divorced,Y,No,1,80,Research & Development,Travel_Rarely,Healthcare Representative,3,3,17,17,14,12,8,2,1223,59,8202,10096,13,3,3,3,2,3,3,3,Technical Degree,No,8
55,1,84,Female,Divorced,Y,Yes,2,80,Research & Development,Travel_Rarely,Manager,4,3,21,5,0,0,2,2,836,33,19730,14756,14,3,4,3,3,3,3,3,Medical,No,8
36,1,85,Male,Single,Y,No,1,80,Research & Development,Travel_Frequently,Manufacturing Director,2,2,6,6,5,0,3,3,1195,95,22656,6499,13,0,2,2,3,3,3,3,Life Sciences,No,11
45,1,86,Male,Divorced,Y,No,2,80,Research & Development,Travel_Rarely,Research Scientist,3,3,25,1,0,0,0,2,1339,59,18787,9724,17,1,2,1,3,3,3,3,Life Sciences,No,7
35,1,88,Male,Married,Y,No,4,80,Research & Development,Travel_Frequently,Research Scientist,1,3,5,3,2,1,2,2,664,79,5868,2194,13,1,2,1,4,2,3,3,Medical,No,1
36,1,90,Male,Married,Y,Yes,0,80,Research & Development,Travel_Rarely,Research Scientist,1,2,2,1,0,0,0,0,318,79,21777,3388,17,1,4,3,1,2,3,3,Medical,Yes,9
59,1,91,Female,Single,Y,No,7,80,Sales,Travel_Frequently,Sales Executive,2,2,20,4,3,1,3,2,1225,57,24668,5473,11,0,1,3,4,2,3,1,Life Sciences,No,1
29,1,94,Male,Married,Y,No,0,80,Research & Development,Travel_Rarely,Research Scientist,1,3,6,5,4,0,4,3,1328,76,4956,2703,23,1,3,2,4,3,4,3,Life Sciences,No,2
31,1,95,Male,Single,Y,No,1,80,Research & Development,Travel_Rarely,Research Scientist,1,3,1,1,1,1,0,4,1082,87,18775,2501,17,0,3,2,2,3,3,4,Medical,No,1
32,1,96,Male,Married,Y,No,1,80,Research & Development,Travel_Rarely,Research Scientist,2,3,10,10,4,0,9,3,548,66,7346,6220,17,2,2,2,2,3,3,3,Life Sciences,No,1
36,1,97,Female,Married,Y,No,3,80,Research & Development,Travel_Rarely,Laboratory Technician,1,4,5,1,0,0,0,3,132,55,22002,3038,12,0,2,4,2,3,3,3,Life Sciences,No,6
31,1,98,Female,Single,Y,No,1,80,Research & Development,Travel_Rarely,Manufacturing Director,2,3,11,11,7,1,8,2,746,61,20682,4424,23,0,3,4,4,3,4,4,Life Sciences,No,8
35,1,100,Male,Single,Y,No,0,80,Sales,Travel_Rarely,Sales Executive,2,2,16,15,13,2,8,2,776,32,23016,4312,14,0,3,1,2,3,3,4,Marketing,No,1
45,1,101,Male,Married,Y,Yes,4,80,Research & Development,Travel_Rarely,Research Director,3,3,17,0,0,0,0,3,193,52,15067,13245,14,0,4,1,2,4,3,4,Other,No,6
37,1,102,Male,Single,Y,No,4,80,Research & Development,Travel_Rarely,Research Director,3,3,16,5,2,0,2,3,397,30,25258,13664,13,0,1,3,1,4,3,4,Medical,No,7
46,1,103,Male,Divorced,Y,Yes,8,80,Human Resources,Travel_Rarely,Human Resources,2,3,16,4,2,0,2,2,945,80,10425,5021,22,1,2,2,4,3,4,2,Medical,No,5
30,1,104,Male,Married,Y,Yes,1,80,Research & Development,Travel_Rarely,Laboratory Technician,2,2,10,10,8,3,0,1,852,55,15998,5126,12,2,4,4,3,2,3,1,Life Sciences,No,1
35,1,105,Male,Single,Y,No,1,80,Research & Development,Travel_Rarely,Research Scientist,1,2,6,6,4,0,4,3,1214,30,26278,2859,18,0,2,3,1,3,3,3,Medical,No,1
55,1,106,Male,Married,Y,No,3,80,Sales,Travel_Rarely,Sales Executive,3,3,24,1,0,1,0,4,111,70,18092,10239,14,1,1,4,4,3,3,2,Life Sciences,No,1
38,1,107,Female,Divorced,Y,Yes,7,80,Research & Development,Non-Travel,Research Scientist,2,1,17,13,11,1,9,3,573,79,15717,5329,12,3,2,4,4,3,3,3,Medical,No,6
34,1,110,Male,Married,Y,No,1,80,Research & Development,Travel_Rarely,Manufacturing Director,2,3,5,5,2,1,3,2,1153,94,17736,4325,15,0,1,2,3,3,3,2,Medical,No,1
56,1,112,Male,Single,Y,No,4,80,Research & Development,Travel_Rarely,Manufacturing Director,3,1,37,6,4,0,2,3,1400,49,21698,7260,11,0,4,4,1,2,3,3,Life Sciences,No,7
23,1,113,Male,Divorced,Y,No,3,80,Sales,Travel_Rarely,Sales Representative,1,3,3,0,0,0,0,3,541,62,9518,2322,13,1,3,1,3,3,3,1,Technical Degree,No,2
51,1,116,Male,Married,Y,No,3,80,Research & Development,Travel_Rarely,Laboratory Technician,1,3,10,4,2,0,3,4,432,96,18725,2075,23,2,4,4,2,3,4,4,Life Sciences,No,9
30,1,117,Male,Married,Y,No,1,80,Research & Development,Travel_Rarely,Healthcare Representative,2,2,11,11,10,10,8,3,288,99,15830,4152,19,3,3,4,1,3,3,3,Life Sciences,No,2
46,1,118,Male,Single,Y,No,1,80,Sales,Travel_Rarely,Sales Executive,3,2,9,9,8,4,7,3,669,64,13596,9619,16,0,3,4,4,3,3,2,Medical,Yes,9
40,1,119,Male,Married,Y,No,1,80,Research & Development,Travel_Frequently,Healthcare Representative,4,2,22,22,3,11,11,3,530,78,14115,13503,22,1,3,2,4,2,4,4,Life Sciences,No,1
51,1,120,Male,Single,Y,Yes,0,80,Sales,Travel_Rarely,Sales Executive,2,3,11,10,7,1,0,2,632,71,8423,5441,22,0,3,4,4,1,4,4,Marketing,No,21
30,1,121,Female,Divorced,Y,Yes,1,80,Sales,Travel_Rarely,Sales Executive,2,2,11,11,8,2,7,4,1334,63,19760,5209,12,3,3,2,2,2,3,2,Medical,No,4
46,1,124,Male,Married,Y,Yes,2,80,Research & Development,Travel_Frequently,Healthcare Representative,3,2,21,10,9,9,5,5,638,40,3142,10673,13,1,3,1,3,2,3,3,Medical,No,1
32,1,125,Male,Single,Y,No,1,80,Sales,Travel_Rarely,Sales Executive,2,3,12,11,8,5,7,0,1093,87,24301,5010,16,0,2,3,1,3,3,4,Medical,No,6
54,1,126,Female,Married,Y,No,9,80,Research & Development,Travel_Rarely,Research Director,3,3,16,4,3,0,3,5,1217,60,24001,13549,12,1,1,3,1,1,3,4,Technical Degree,No,2
24,1,128,Female,Married,Y,No,0,80,Sales,Travel_Rarely,Sales Executive,2,3,4,3,2,0,2,2,1353,33,17519,4999,21,1,1,3,1,2,4,2,Other,No,3
28,1,129,Male,Married,Y,No,1,80,Sales,Non-Travel,Sales Executive,2,3,5,5,4,0,4,3,120,43,8863,4221,15,0,2,3,2,4,3,3,Medical,No,4
58,1,131,Male,Single,Y,No,0,80,Sales,Travel_Rarely,Sales Executive,4,3,38,37,10,1,8,1,682,37,24409,13872,13,0,4,3,3,2,3,4,Medical,No,10
44,1,132,Male,Married,Y,No,4,80,Research & Development,Non-Travel,Laboratory Technician,2,3,17,3,2,1,2,3,489,67,25043,2042,12,1,2,2,3,4,3,3,Medical,No,23
37,1,133,Male,Divorced,Y,Yes,4,80,Human Resources,Travel_Rarely,Human Resources,1,3,7,3,2,0,2,3,807,63,23648,2073,22,0,3,1,4,3,4,4,Human Resources,Yes,6
32,1,134,Male,Single,Y,No,1,80,Research & Development,Travel_Rarely,Research Scientist,1,3,1,1,0,0,0,2,827,71,15178,2956,13,0,4,1,4,3,3,1,Life Sciences,No,1
20,1,137,Female,Single,Y,Yes,1,80,Research & Development,Travel_Frequently,Laboratory Technician,1,2,1,1,0,1,0,5,871,66,19783,2926,18,0,4,4,2,3,3,3,Life Sciences,Yes,6
34,1,138,Female,Single,Y,No,1,80,Research & Development,Travel_Rarely,Research Scientist,2,3,16,16,13,2,10,3,665,41,12482,4809,14,0,1,3,3,3,3,4,Other,No,6
37,1,139,Male,Divorced,Y,No,5,80,Research & Development,Non-Travel,Healthcare Representative,2,2,17,1,0,0,0,2,1040,100,15850,5163,14,1,3,4,4,4,3,2,Life Sciences,No,2
59,1,140,Female,Married,Y,No,9,80,Human Resources,Non-Travel,Manager,5,2,30,3,2,2,2,3,1420,32,21922,18844,21,1,3,4,4,3,4,4,Human Resources,No,2
50,1,141,Female,Married,Y,Yes,3,80,Research & Development,Travel_Frequently,Research Director,5,3,28,8,3,0,7,1,1115,73,9755,18172,19,0,1,2,1,2,3,3,Life Sciences,No,1
25,1,142,Male,Single,Y,Yes,1,80,Sales,Travel_Rarely,Sales Executive,2,2,6,6,4,0,3,1,240,46,26959,5744,11,0,3,3,4,3,3,3,Marketing,Yes,5
25,1,143,Male,Married,Y,No,1,80,Research & Development,Travel_Rarely,Research Scientist,1,2,2,2,2,2,1,2,1280,64,26897,2889,11,2,4,4,3,3,3,1,Medical,No,7
22,1,144,Female,Single,Y,No,1,80,Research & Development,Travel_Rarely,Laboratory Technician,1,3,1,0,0,0,0,5,534,59,23785,2871,15,0,2,4,3,3,3,3,Medical,No,15
51,1,145,Female,Single,Y,No,3,80,Research & Development,Travel_Frequently,Healthcare Representative,3,2,23,13,12,12,8,1,1456,30,25796,7484,20,0,1,1,3,2,4,4,Medical,No,1
34,1,147,Male,Single,Y,Yes,1,80,Research & Development,Travel_Frequently,Laboratory Technician,2,1,9,9,7,0,6,3,658,66,22887,6074,24,0,1,3,4,3,4,3,Life Sciences,Yes,7
54,1,148,Female,Single,Y,Yes,2,80,Human Resources,Non-Travel,Manager,4,4,23,5,3,4,4,3,142,30,13871,17328,12,0,4,4,3,3,3,3,Human Resources,No,26
24,1,150,Male,Married,Y,No,0,80,Research & Development,Travel_Rarely,Laboratory Technician,1,3,6,5,3,1,2,2,1127,52,13257,2774,12,1,2,3,3,3,3,1,Life Sciences,No,18
34,1,151,Female,Divorced,Y,No,6,80,Research & Development,Travel_Rarely,Research Scientist,2,2,12,1,0,0,0,3,1031,45,15000,4505,15,1,3,2,3,3,3,4,Life Sciences,No,6
37,1,152,Male,Single,Y,No,2,80,Sales,Travel_Rarely,Sales Executive,3,3,12,5,3,1,3,3,1189,87,14506,7428,12,0,3,4,1,3,3,3,Life Sciences,No,3
34,1,153,Female,Single,Y,No,2,80,Research & Development,Travel_Rarely,Manager,3,2,14,11,10,5,8,6,1354,45,5615,11631,12,0,3,1,4,3,3,3,Medical,No,5
36,1,154,Female,Married,Y,No,0,80,Sales,Travel_Frequently,Sales Executive,3,3,10,9,7,2,8,6,1467,92,22952,9738,14,1,2,4,3,3,3,2,Technical Degree,No,11
36,1,155,Female,Divorced,Y,No,5,80,Research & Development,Travel_Rarely,Laboratory Technician,1,3,7,1,0,0,0,2,922,39,2561,2835,22,1,1,4,1,3,4,2,Life Sciences,No,3
43,1,158,Male,Married,Y,Yes,1,80,Sales,Travel_Frequently,Manager,4,3,25,25,12,4,12,3,394,92,19494,16959,12,2,3,4,4,4,3,2,Life Sciences,No,26
30,1,159,Male,Divorced,Y,No,1,80,Research & Development,Travel_Frequently,Research Scientist,1,1,10,10,7,0,9,2,1312,96,22310,2613,25,3,1,3,3,2,4,3,Life Sciences,No,23
33,1,160,Male,Married,Y,No,0,80,Sales,Non-Travel,Sales Executive,2,3,8,7,7,0,7,2,750,95,15480,6146,13,1,3,2,1,4,3,2,Marketing,No,22
56,1,161,Female,Married,Y,Yes,9,80,Research & Development,Travel_Rarely,Research Scientist,1,3,7,5,4,4,3,2,441,72,4510,4963,18,3,2,2,1,3,3,4,Life Sciences,Yes,14
51,1,162,Male,Single,Y,No,7,80,Research & Development,Travel_Rarely,Research Director,5,3,23,20,18,15,15,5,684,51,6462,19537,13,0,1,3,3,3,3,3,Life Sciences,No,6
31,1,163,Male,Married,Y,Yes,4,80,Sales,Travel_Rarely,Sales Executive,2,1,12,7,7,7,7,3,249,76,20739,6172,18,0,2,3,2,2,3,4,Life Sciences,Yes,6
26,1,164,Female,Married,Y,No,1,80,Research & Development,Travel_Rarely,Research Scientist,1,2,5,5,4,4,3,3,841,46,23300,2368,19,0,3,2,3,2,3,3,Other,No,6
58,1,165,Female,Married,Y,No,1,80,Research & Development,Travel_Rarely,Healthcare Representative,3,3,40,40,10,15,6,3,147,94,3465,10312,12,1,4,4,4,2,3,4,Medical,Yes,23
19,1,167,Male,Single,Y,Yes,1,80,Sales,Travel_Rarely,Sales Representative,1,3,0,0,0,0,0,2,528,50,26820,1675,19,0,4,3,4,2,3,1,Marketing,Yes,22
22,1,169,Male,Married,Y,No,0,80,Research & Development,Travel_Rarely,Laboratory Technician,1,3,3,2,1,2,1,2,594,100,19299,2523,14,1,3,4,3,3,3,1,Technical Degree,No,2
49,1,170,Female,Married,Y,No,1,80,Research & Development,Travel_Rarely,Manufacturing Director,2,3,16,15,11,5,11,2,470,96,5549,6567,14,0,3,1,3,2,3,4,Medical,No,20
43,1,171,Female,Single,Y,No,4,80,Research & Development,Travel_Frequently,Research Scientist,1,4,18,3,2,1,2,2,957,72,16090,4739,12,0,2,3,4,3,3,3,Medical,No,28
50,1,174,Female,Single,Y,No,4,80,Sales,Travel_Frequently,Sales Executive,3,3,16,2,2,2,1,3,809,77,6645,9208,11,0,3,4,4,3,3,3,Marketing,No,12
31,1,175,Female,Married,Y,Yes,3,80,Sales,Travel_Rarely,Sales Executive,2,1,4,2,2,2,2,2,542,71,24788,4559,11,1,2,3,3,3,3,3,Life Sciences,Yes,20
41,1,176,Male,Divorced,Y,Yes,3,80,Sales,Travel_Rarely,Sales Executive,3,3,12,9,7,0,7,2,802,96,21196,8189,13,1,3,3,3,3,3,1,Life Sciences,No,9
26,1,177,Female,Married,Y,No,1,80,Human Resources,Travel_Rarely,Human Resources,1,3,8,8,7,5,7,3,1355,61,8916,2942,23,1,3,3,4,3,4,1,Life Sciences,No,25
36,1,178,Male,Divorced,Y,No,6,80,Research & Development,Travel_Rarely,Manufacturing Director,2,3,7,3,2,0,1,0,216,84,2819,4941,20,2,2,2,4,3,4,2,Medical,No,6
51,1,179,Male,Single,Y,No,2,80,Research & Development,Travel_Frequently,Manufacturing Director,3,1,18,4,2,0,3,2,1150,53,25150,10650,15,0,1,4,4,3,3,4,Life Sciences,Yes,8
39,1,182,Female,Married,Y,No,4,80,Sales,Travel_Rarely,Sales Executive,2,2,17,15,11,5,9,1,1329,47,14590,5902,14,1,4,3,3,4,3,4,Life Sciences,No,4
25,1,183,Male,Married,Y,No,2,80,Sales,Travel_Rarely,Sales Executive,2,2,6,2,2,2,2,3,959,41,24835,8639,18,0,1,3,4,3,3,3,Life Sciences,No,28
30,1,184,Male,Married,Y,Yes,0,80,Human Resources,Travel_Rarely,Human Resources,2,3,12,11,9,4,7,2,1240,48,13982,6347,19,0,3,4,4,1,3,3,Human Resources,No,9
32,1,190,Female,Single,Y,No,7,80,Research & Development,Travel_Rarely,Laboratory Technician,1,3,10,5,4,0,4,2,1033,41,10224,4200,22,0,1,1,1,4,4,3,Medical,Yes,9
45,1,192,Male,Single,Y,No,5,80,Research & Development,Travel_Rarely,Research Scientist,1,3,9,6,5,0,3,2,1316,83,9752,3452,13,0,3,4,2,2,3,3,Medical,No,29
38,1,193,Female,Single,Y,Yes,3,80,Research & Development,Travel_Rarely,Research Scientist,2,3,19,3,2,2,2,2,364,32,2302,4317,20,0,4,3,2,3,4,5,Technical Degree,No,3
30,1,194,Female,Single,Y,No,1,80,Research & Development,Travel_Rarely,Research Scientist,1,3,5,5,4,0,4,4,438,75,23910,2632,14,0,1,3,3,2,3,3,Life Sciences,No,18
32,1,195,Male,Divorced,Y,No,0,80,Sales,Travel_Frequently,Sales Executive,2,1,9,8,7,0,7,2,689,35,22812,4668,17,3,4,4,4,4,3,2,Medical,No,9
30,1,197,Female,Divorced,Y,No,5,80,Research & Development,Travel_Rarely,Research Scientist,1,3,8,3,2,2,2,3,201,84,10415,3204,14,1,4,1,4,3,3,3,Technical Degree,No,5
30,1,198,Male,Single,Y,No,0,80,Research & Development,Travel_Rarely,Laboratory Technician,1,2,6,5,3,1,2,3,1427,35,11162,2720,13,0,2,4,4,3,3,1,Medical,No,2
41,1,199,Male,Divorced,Y,No,4,80,Research & Development,Travel_Frequently,Manager,4,2,21,7,6,7,7,2,857,91,12888,17181,13,1,4,1,2,2,3,3,Life Sciences,No,10
41,1,200,Male,Married,Y,No,2,80,Research & Development,Travel_Rarely,Laboratory Technician,1,3,7,5,0,1,4,2,933,94,6961,2238,21,1,3,1,4,3,4,4,Life Sciences,No,9
19,1,201,Female,Single,Y,No,1,80,Research & Development,Travel_Rarely,Laboratory Technician,1,3,1,1,0,0,0,3,1181,79,16102,1483,14,0,2,2,4,3,3,1,Medical,No,3
40,1,202,Female,Divorced,Y,No,1,80,Research & Development,Travel_Frequently,Research Scientist,2,3,20,20,7,2,13,2,1395,54,8504,5605,11,1,2,2,1,3,3,3,Medical,No,26
35,1,204,Male,Married,Y,No,1,80,Sales,Travel_Rarely,Sales Executive,3,3,10,10,8,0,6,3,662,94,11439,7295,13,2,3,2,1,3,3,5,Marketing,No,1
53,1,205,Male,Married,Y,Yes,2,80,Sales,Travel_Rarely,Sales Representative,2,3,13,7,7,4,5,3,1436,34,16047,2306,20,1,2,3,4,1,4,2,Marketing,No,6
45,1,206,Male,Divorced,Y,No,8,80,Research & Development,Travel_Rarely,Laboratory Technician,2,3,20,17,9,0,15,2,194,60,10901,2348,18,1,2,2,3,1,3,3,Life Sciences,No,9
32,1,207,Female,Single,Y,No,1,80,Sales,Travel_Frequently,Sales Executive,3,3,9,9,8,3,7,2,967,43,15589,8998,14,0,2,4,4,3,3,3,Marketing,No,8
29,1,208,Male,Married,Y,No,1,80,Research & Development,Non-Travel,Manufacturing Director,2,3,10,10,7,0,9,1,1496,41,26283,4319,13,1,4,3,1,3,3,1,Technical Degree,No,1
51,1,211,Male,Married,Y,No,2,80,Research & Development,Travel_Rarely,Manufacturing Director,2,2,10,1,0,0,0,2,1169,34,13983,6132,17,0,2,3,3,3,3,4,Medical,No,7
58,1,214,Female,Married,Y,Yes,4,80,Research & Development,Travel_Rarely,Research Scientist,1,2,9,1,0,0,0,3,1145,75,11873,3346,20,1,2,2,2,2,4,3,Medical,No,9
40,1,215,Male,Married,Y,No,7,80,Sales,Travel_Rarely,Sales Executive,3,2,15,12,11,2,11,2,630,67,8552,10855,11,1,3,4,1,2,3,4,Marketing,No,4
34,1,216,Female,Married,Y,No,6,80,Sales,Travel_Frequently,Sales Representative,1,3,6,4,3,1,2,3,303,75,11314,2231,18,1,3,3,4,3,3,4,Marketing,No,2
22,1,217,Male,Married,Y,No,1,80,Research & Development,Travel_Rarely,Research Scientist,1,3,2,2,2,2,2,6,1256,80,11992,2323,24,2,3,4,1,3,4,1,Medical,No,19
27,1,218,Male,Divorced,Y,No,6,80,Research & Development,Non-Travel,Research Scientist,1,3,6,2,2,2,2,1,691,57,5970,2024,18,1,4,2,4,1,3,3,Medical,No,9
28,1,221,Male,Married,Y,No,1,80,Research & Development,Travel_Rarely,Research Scientist,1,3,5,5,2,0,2,2,440,42,6672,2713,11,1,3,4,3,1,3,3,Medical,No,21
57,1,223,Male,Divorced,Y,Yes,3,80,Research & Development,Travel_Rarely,Healthcare Representative,3,4,12,5,3,1,4,2,334,83,23402,9439,16,1,3,4,2,1,3,2,Life Sciences,No,24
27,1,224,Male,Divorced,Y,Yes,1,80,Research & Development,Non-Travel,Research Scientist,1,2,1,1,1,0,1,2,1450,79,25326,2566,15,1,3,3,4,2,3,3,Medical,No,3
50,1,226,Female,Single,Y,No,3,80,Research & Development,Travel_Rarely,Manager,5,3,21,5,4,4,4,5,1452,53,17053,19926,15,0,3,2,2,3,3,3,Life Sciences,No,11
41,1,227,Male,Divorced,Y,No,4,80,Research & Development,Travel_Rarely,Research Scientist,1,3,13,9,8,1,8,2,465,56,4609,2451,12,1,1,3,1,3,3,3,Life Sciences,No,14
30,1,228,Female,Married,Y,No,2,80,Sales,Travel_Rarely,Sales Executive,3,3,12,10,9,7,4,2,1339,41,8053,9419,12,1,2,4,3,3,3,3,Life Sciences,No,5
38,1,230,Female,Single,Y,No,4,80,Sales,Travel_Rarely,Sales Executive,2,2,12,8,3,0,7,2,702,59,12930,8686,22,0,1,4,3,4,4,4,Life Sciences,No,1
32,1,231,Male,Single,Y,No,3,80,Research & Development,Travel_Rarely,Research Scientist,1,3,8,5,4,1,4,2,120,43,12430,3038,20,0,3,3,1,3,4,5,Life Sciences,No,6
27,1,233,Male,Married,Y,Yes,0,80,Research & Development,Travel_Rarely,Research Scientist,1,3,6,5,2,1,1,3,1157,51,13364,3058,16,1,3,2,4,2,3,3,Technical Degree,No,17
19,1,235,Female,Single,Y,No,0,80,Sales,Travel_Frequently,Sales Representative,1,1,1,0,0,0,0,5,602,100,20989,2325,21,0,3,1,1,4,4,1,Technical Degree,Yes,1
36,1,238,Male,Single,Y,No,4,80,Research & Development,Travel_Frequently,Laboratory Technician,1,3,13,8,7,7,2,3,1480,30,15062,2088,12,0,4,2,3,2,3,2,Medical,No,3
30,1,239,Male,Divorced,Y,No,1,80,Research & Development,Non-Travel,Laboratory Technician,2,3,12,12,9,6,10,4,111,66,11012,3072,11,2,3,1,3,3,3,3,Medical,No,9
45,1,240,Female,Divorced,Y,Yes,4,80,Sales,Travel_Rarely,Sales Executive,2,3,9,5,4,0,3,3,1268,30,6319,5006,11,1,3,1,1,4,3,2,Life Sciences,No,4
56,1,241,Female,Divorced,Y,Yes,4,80,Research & Development,Travel_Rarely,Research Scientist,1,3,19,2,2,2,2,3,713,67,13939,4257,18,1,3,1,3,3,3,3,Life Sciences,No,8
33,1,242,Male,Single,Y,No,0,80,Research & Development,Travel_Rarely,Research Scientist,1,3,4,3,1,0,2,2,134,90,10515,2500,14,0,3,4,1,4,3,3,Life Sciences,No,2
19,1,243,Male,Single,Y,No,1,80,Research & Development,Travel_Rarely,Laboratory Technician,1,2,1,1,0,1,0,3,303,47,9241,1102,22,0,2,4,3,2,4,3,Life Sciences,Yes,2
46,1,244,Female,Divorced,Y,No,1,80,Sales,Travel_Rarely,Sales Executive,3,3,24,24,13,15,7,2,526,92,2137,10453,25,3,2,1,3,3,4,2,Marketing,No,1
38,1,245,Female,Single,Y,No,1,80,Research & Development,Travel_Rarely,Laboratory Technician,1,3,2,2,2,2,1,3,1380,75,6319,2288,12,0,3,4,3,3,3,2,Life Sciences,No,9
31,1,246,Female,Married,Y,Yes,8,80,Research & Development,Travel_Rarely,Research Scientist,1,3,7,4,2,0,2,0,140,95,6984,3929,23,1,3,4,3,3,4,1,Medical,No,12
34,1,247,Female,Single,Y,No,2,80,Research & Development,Travel_Rarely,Research Scientist,1,3,9,3,2,1,2,3,629,95,5711,2311,15,0,4,2,4,3,3,2,Medical,No,27
41,1,248,Female,Single,Y,Yes,1,80,Sales,Travel_Rarely,Sales Representative,1,3,4,4,3,0,2,5,1356,70,21728,3140,22,0,2,2,4,2,4,2,Marketing,Yes,20
50,1,249,Male,Married,Y,No,2,80,Research & Development,Travel_Rarely,Laboratory Technician,1,2,5,3,2,0,2,2,328,86,3425,3690,15,1,3,3,4,2,3,3,Medical,No,1
53,1,250,Female,Divorced,Y,No,1,80,Research & Development,Travel_Rarely,Manufacturing Director,2,4,5,4,2,1,3,3,1084,57,26250,4450,11,2,4,1,3,3,3,2,Medical,No,13
33,1,252,Female,Married,Y,No,1,80,Research & Development,Travel_Rarely,Research Scientist,1,3,8,8,7,1,6,5,931,72,4673,2756,13,1,4,2,4,3,3,3,Medical,No,14
40,1,253,Female,Married,Y,No,1,80,Research & Development,Travel_Rarely,Manager,5,3,21,20,8,9,9,2,989,46,6499,19033,14,1,4,3,2,3,3,1,Medical,No,4
55,1,254,Male,Single,Y,No,8,80,Research & Development,Travel_Rarely,Research Director,5,4,36,24,15,2,15,3,692,61,13339,18722,11,0,3,2,4,3,3,4,Medical,No,14
34,1,256,Male,Married,Y,No,1,80,Research & Development,Travel_Frequently,Manufacturing Director,2,2,10,10,9,1,9,2,1069,45,14074,9547,17,0,4,3,3,2,3,1,Life Sciences,No,2
51,1,258,Female,Single,Y,No,3,80,Research & Development,Travel_Rarely,Healthcare Representative,4,3,21,7,7,1,0,6,313,98,7192,13734,18,0,4,2,3,3,3,3,Medical,No,3
52,1,259,Male,Married,Y,No,0,80,Research & Development,Travel_Rarely,Manager,5,2,34,33,18,11,9,5,699,65,5678,19999,14,1,3,3,1,3,3,4,Life Sciences,No,1
27,1,260,Female,Single,Y,No,1,80,Research & Development,Travel_Rarely,Research Scientist,1,3,7,7,7,0,3,2,894,99,11781,2279,16,0,4,2,4,2,3,3,Medical,No,9
35,1,261,Male,Married,Y,Yes,3,80,Research & Development,Travel_Rarely,Manufacturing Director,2,2,8,1,0,0,1,1,556,50,15497,5916,13,0,2,3,1,3,3,2,Life Sciences,Yes,23
43,1,262,Male,Divorced,Y,No,4,80,Research & Development,Non-Travel,Research Scientist,1,4,7,5,4,2,2,3,1344,37,5228,2089,14,3,4,4,4,4,3,3,Medical,No,7
45,1,264,Male,Married,Y,No,9,80,Research & Development,Non-Travel,Manager,4,2,22,20,8,11,8,1,1195,65,20462,16792,23,1,1,4,4,3,4,2,Medical,No,2
37,1,267,Male,Married,Y,Yes,1,80,Research & Development,Travel_Rarely,Research Scientist,1,4,8,8,7,1,7,3,290,65,22977,3564,12,1,2,1,1,2,3,3,Life Sciences,No,21
35,1,269,Female,Single,Y,No,5,80,Research & Development,Travel_Frequently,Laboratory Technician,2,3,10,6,2,1,2,5,138,37,15986,4425,11,0,2,2,4,3,3,3,Medical,No,2
42,1,270,Female,Divorced,Y,No,2,80,Research & Development,Non-Travel,Manufacturing Director,2,3,11,5,3,0,2,5,926,36,16439,5265,16,1,3,3,2,3,3,2,Medical,No,21
38,1,271,Male,Married,Y,No,9,80,Research & Development,Travel_Rarely,Manufacturing Director,2,3,14,1,0,0,0,3,1261,88,7259,6553,14,0,4,3,2,3,3,4,Life Sciences,No,2
38,1,273,Male,Married,Y,No,3,80,Research & Development,Travel_Rarely,Manufacturing Director,2,3,9,7,7,1,7,3,1084,54,4185,6261,18,1,4,4,1,1,3,3,Technical Degree,No,29
27,1,274,Male,Married,Y,No,5,80,Research & Development,Travel_Frequently,Manufacturing Director,2,2,6,2,2,2,0,1,472,60,9679,4298,19,1,3,1,3,3,3,1,Technical Degree,No,1
49,1,275,Male,Divorced,Y,Yes,1,80,Research & Development,Non-Travel,Manufacturing Director,2,3,7,7,7,1,7,0,1002,92,23793,6804,15,2,4,4,1,3,3,4,Life Sciences,No,18
34,1,277,Male,Divorced,Y,Yes,1,80,Research & Development,Travel_Frequently,Research Scientist,1,3,5,5,3,2,0,4,878,43,5972,3815,17,1,4,3,4,4,3,4,Medical,No,10
40,1,281,Male,Married,Y,Yes,8,80,Research & Development,Travel_Rarely,Laboratory Technician,2,3,15,7,2,3,7,2,905,99,16523,2741,15,1,3,4,3,4,3,2,Medical,No,19
38,1,282,Male,Married,Y,Yes,7,80,Research & Development,Travel_Rarely,Healthcare Representative,2,3,17,1,0,0,0,2,1180,70,11354,6673,19,0,2,1,2,3,3,1,Medical,Yes,29
29,1,283,Female,Married,Y,No,1,80,Sales,Travel_Rarely,Sales Executive,3,3,10,10,4,1,9,3,121,35,24525,7639,22,3,2,4,4,2,4,3,Marketing,Yes,27
22,1,284,Male,Divorced,Y,Yes,1,80,Research & Development,Travel_Rarely,Research Scientist,1,4,4,4,2,2,2,2,1136,60,12392,2328,16,1,4,2,1,2,3,3,Life Sciences,No,5
36,1,286,Female,Single,Y,No,1,80,Research & Development,Travel_Frequently,Laboratory Technician,1,3,8,8,1,1,7,2,635,73,7703,2153,13,0,2,4,1,3,3,1,Medical,No,18
40,1,287,Male,Married,Y,No,9,80,Research & Development,Non-Travel,Healthcare Representative,2,2,5,3,2,0,2,5,1151,63,14242,4876,14,1,4,4,4,1,3,5,Life Sciences,No,9
46,1,288,Male,Divorced,Y,No,7,80,Research & Development,Travel_Rarely,Healthcare Representative,3,3,17,4,2,0,3,3,644,97,12368,9396,16,1,4,1,3,3,3,4,Medical,No,1
32,1,291,Male,Married,Y,No,1,80,Sales,Travel_Rarely,Sales Executive,3,1,14,14,8,9,8,2,1045,32,25812,10400,11,0,4,4,3,2,3,4,Medical,Yes,4
30,1,292,Male,Single,Y,No,1,80,Research & Development,Non-Travel,Manufacturing Director,3,2,12,11,8,5,8,2,829,88,20925,8474,22,0,3,3,3,3,4,1,Life Sciences,No,1
27,1,293,Female,Single,Y,No,1,80,Sales,Travel_Frequently,Sales Executive,2,3,7,7,7,0,7,2,1242,90,12916,9981,14,0,4,3,4,3,3,3,Life Sciences,No,20
51,1,296,Male,Married,Y,No,5,80,Research & Development,Travel_Rarely,Research Director,3,2,16,10,9,4,7,5,1469,81,15736,12490,16,2,2,2,4,1,3,4,Life Sciences,No,8
30,1,297,Female,Single,Y,Yes,5,80,Research & Development,Travel_Rarely,Research Scientist,1,3,8,5,2,0,4,5,1005,88,8556,2657,11,0,4,1,3,3,3,3,Technical Degree,Yes,3
41,1,298,Female,Single,Y,Yes,3,80,Sales,Travel_Rarely,Manager,3,3,16,1,0,0,0,3,896,75,14674,13591,18,0,4,4,3,3,3,3,Life Sciences,No,6
30,1,299,Female,Single,Y,No,5,80,Sales,Travel_Frequently,Sales Executive,2,2,9,6,3,0,1,5,334,52,22967,6696,15,0,3,1,3,2,3,4,Marketing,Yes,26
29,1,300,Male,Single,Y,No,0,80,Research & Development,Travel_Rarely,Research Scientist,1,3,7,6,2,1,5,1,992,85,19757,2058,14,0,3,3,4,2,3,3,Technical Degree,Yes,1
45,1,302,Female,Single,Y,No,6,80,Sales,Non-Travel,Sales Executive,3,2,23,19,7,12,8,2,1052,57,16840,8865,12,0,4,4,4,3,3,3,Medical,No,6
54,1,303,Female,Married,Y,No,2,80,Sales,Travel_Rarely,Sales Executive,2,3,16,6,2,0,5,4,1147,52,17011,5940,14,1,4,1,4,3,3,3,Marketing,No,3
36,1,304,Male,Single,Y,No,8,80,Research & Development,Travel_Rarely,Laboratory Technician,2,3,16,13,11,3,7,3,1396,62,9945,5914,16,0,4,2,4,4,3,2,Life Sciences,No,5
33,1,305,Female,Married,Y,No,6,80,Research & Development,Travel_Rarely,Research Scientist,1,2,7,3,2,1,1,3,147,47,13248,2622,21,0,3,2,4,3,4,4,Medical,No,4
37,1,306,Male,Divorced,Y,Yes,1,80,Research & Development,Travel_Frequently,Research Director,3,3,10,10,8,0,7,1,663,47,10056,12185,14,3,2,4,3,3,3,3,Other,No,11
38,1,307,Male,Divorced,Y,No,0,80,Sales,Travel_Rarely,Sales Executive,3,3,17,16,10,5,13,6,119,76,9647,10609,12,2,1,3,3,2,3,3,Life Sciences,No,3
31,1,308,Male,Married,Y,No,0,80,Research & Development,Non-Travel,Manufacturing Director,2,1,6,5,4,1,4,2,979,90,4381,4345,12,1,3,3,4,3,3,4,Medical,No,1
59,1,309,Male,Married,Y,No,3,80,Research & Development,Travel_Rarely,Research Scientist,1,2,7,1,0,0,0,6,142,70,8456,2177,17,1,3,4,1,3,3,3,Life Sciences,No,3
37,1,311,Male,Divorced,Y,No,4,80,Sales,Travel_Frequently,Sales Representative,1,3,13,9,8,5,8,2,319,41,2539,2793,17,1,1,4,3,3,3,4,Marketing,No,4
29,1,312,Female,Married,Y,No,1,80,Sales,Travel_Frequently,Sales Executive,3,3,11,11,10,4,1,5,1413,42,6599,7918,14,1,2,4,4,3,3,1,Medical,No,1
35,1,314,Female,Single,Y,No,1,80,Sales,Travel_Frequently,Sales Executive,3,3,10,10,7,0,8,3,944,92,9096,8789,14,0,3,3,1,4,3,3,Marketing,No,1
29,1,315,Male,Single,Y,Yes,1,80,Research & Development,Travel_Rarely,Research Scientist,1,2,4,4,3,0,1,3,896,86,14961,2389,13,0,3,4,3,2,3,1,Medical,Yes,18
52,1,316,Female,Single,Y,No,7,80,Research & Development,Travel_Rarely,Laboratory Technician,1,2,6,2,2,2,2,3,1323,89,3300,3212,15,0,3,4,2,2,3,3,Life Sciences,No,2
42,1,319,Male,Married,Y,No,1,80,Research & Development,Travel_Rarely,Manager,5,3,22,22,17,11,15,3,532,58,4933,19232,11,0,3,4,4,3,3,2,Technical Degree,No,4
59,1,321,Male,Married,Y,No,8,80,Human Resources,Travel_Rarely,Human Resources,1,3,7,2,2,2,2,2,818,52,25657,2267,17,0,2,3,4,2,3,2,Medical,No,6
50,1,323,Female,Divorced,Y,No,3,80,Sales,Travel_Rarely,Manager,5,3,32,7,0,0,6,3,854,68,24118,19517,11,1,4,4,3,2,3,4,Medical,No,1
33,1,325,Male,Married,Y,Yes,5,80,Research & Development,Travel_Rarely,Laboratory Technician,1,3,8,5,4,0,4,2,813,58,22149,2436,13,1,3,4,3,1,3,3,Medical,Yes,14
43,1,327,Female,Married,Y,Yes,5,80,Sales,Travel_Rarely,Manager,4,3,22,17,13,1,9,3,1034,80,7744,16064,22,1,4,4,3,3,4,3,Marketing,No,16
33,1,328,Female,Married,Y,No,7,80,Research & Development,Travel_Rarely,Laboratory Technician,1,3,13,9,7,1,7,3,465,39,21509,2707,20,0,1,1,1,4,4,2,Life Sciences,Yes,2
52,1,329,Male,Single,Y,Yes,1,80,Sales,Non-Travel,Manager,5,2,33,33,7,15,12,2,771,79,21030,19068,18,0,1,3,4,4,3,4,Life Sciences,No,2
32,1,330,Female,Married,Y,No,2,80,Sales,Travel_Rarely,Sales Representative,1,3,6,4,3,1,2,5,1401,56,20990,3931,11,1,3,2,1,3,3,2,Life Sciences,No,4
32,1,331,Male,Single,Y,Yes,0,80,Research & Development,Travel_Rarely,Laboratory Technician,1,2,4,3,2,1,2,2,515,62,9571,3730,14,0,4,3,4,1,3,3,Life Sciences,Yes,1
39,1,332,Female,Divorced,Y,No,7,80,Research & Development,Travel_Rarely,Laboratory Technician,1,3,7,3,2,1,2,1,1431,96,15417,2232,14,3,3,3,3,3,3,4,Medical,No,1
32,1,333,Male,Married,Y,No,0,80,Sales,Non-Travel,Sales Executive,2,3,4,3,2,2,2,2,976,100,12069,4465,18,0,3,4,1,3,3,4,Marketing,No,26
41,1,334,Male,Divorced,Y,No,2,80,Research & Development,Travel_Rarely,Research Scientist,2,3,17,1,0,0,0,2,1411,36,19877,3072,16,2,3,1,1,2,3,2,Life Sciences,No,19
40,1,335,Male,Divorced,Y,No,1,80,Research & Development,Travel_Rarely,Research Scientist,2,3,9,9,8,4,7,3,1300,62,24447,3319,17,2,1,4,1,3,3,2,Technical Degree,No,24
45,1,336,Male,Married,Y,No,0,80,Research & Development,Travel_Rarely,Manager,5,4,25,24,0,1,7,2,252,70,15970,19202,11,1,3,4,3,3,3,3,Other,No,1
31,1,337,Male,Divorced,Y,No,9,80,Research & Development,Travel_Frequently,Research Director,3,3,9,2,2,2,2,3,1327,73,13523,13675,12,1,2,3,1,3,3,4,Medical,No,3
33,1,338,Female,Married,Y,No,1,80,Research & Development,Travel_Rarely,Research Scientist,1,2,2,2,2,0,2,2,832,63,14776,2911,13,1,3,4,3,2,3,4,Life Sciences,No,5
34,1,339,Male,Married,Y,No,6,80,Research & Development,Travel_Rarely,Manufacturing Director,2,2,13,11,9,5,9,3,470,84,23687,5957,13,1,4,1,2,3,3,4,Life Sciences,No,2
37,1,340,Female,Married,Y,No,2,80,Research & Development,Travel_Rarely,Research Scientist,1,2,17,3,1,0,2,2,1017,83,18697,3920,14,1,3,1,1,2,3,2,Medical,No,1
45,1,341,Male,Married,Y,No,4,80,Research & Development,Travel_Frequently,Manufacturing Director,2,4,9,3,2,0,2,1,1199,77,5118,6434,17,1,1,3,4,3,3,4,Life Sciences,No,7
37,1,342,Male,Divorced,Y,No,6,80,Research & Development,Travel_Frequently,Manufacturing Director,3,3,17,1,0,0,0,5,504,61,22573,10048,11,2,1,3,2,3,3,3,Medical,Yes,10
39,1,343,Female,Single,Y,No,0,80,Research & Development,Travel_Frequently,Healthcare Representative,3,3,20,19,6,11,8,1,505,64,6420,10938,25,0,3,3,4,3,4,4,Technical Degree,No,2
29,1,346,Male,Single,Y,No,1,80,Research & Development,Travel_Rarely,Research Scientist,1,3,6,6,5,1,5,1,665,60,22673,2340,19,0,3,4,1,3,3,3,Life Sciences,No,15
42,1,347,Female,Single,Y,Yes,3,80,Research & Development,Travel_Rarely,Research Scientist,2,4,10,3,2,0,2,1,916,82,23016,6545,13,0,4,1,3,3,3,2,Life Sciences,No,17
29,1,349,Male,Divorced,Y,No,2,80,Sales,Travel_Rarely,Sales Executive,2,3,10,3,2,0,2,2,1247,45,10732,6931,14,1,4,4,4,3,3,2,Marketing,No,20
25,1,350,Female,Married,Y,No,0,80,Research & Development,Travel_Rarely,Manufacturing Director,2,3,5,4,2,1,2,3,685,62,7505,4898,12,2,1,3,4,3,3,3,Life Sciences,No,1
42,1,351,Female,Divorced,Y,Yes,0,80,Research & Development,Travel_Rarely,Laboratory Technician,1,2,10,9,6,7,8,4,269,56,8007,2593,11,1,4,1,3,3,3,3,Medical,No,2
40,1,352,Male,Divorced,Y,No,0,80,Research & Development,Travel_Rarely,Research Director,5,3,22,21,7,3,9,5,1416,49,5949,19436,19,1,1,3,4,3,3,2,Medical,No,2
51,1,353,Male,Married,Y,No,1,80,Research & Development,Travel_Rarely,Research Scientist,1,3,1,1,0,0,0,0,833,96,23231,2723,11,0,3,4,2,2,3,3,Life Sciences,No,1
31,1,355,Male,Single,Y,No,0,80,Research & Development,Travel_Frequently,Laboratory Technician,1,2,6,5,4,1,4,2,307,71,11652,3479,11,0,3,2,2,4,3,2,Medical,Yes,29
32,1,359,Male,Married,Y,No,1,80,Research & Development,Travel_Frequently,Laboratory Technician,1,4,5,5,1,0,3,3,1311,100,26062,2794,20,0,2,2,3,1,4,3,Life Sciences,No,7
38,1,361,Male,Married,Y,No,3,80,Sales,Non-Travel,Sales Executive,2,2,13,8,7,7,5,0,1327,39,19682,5249,18,1,4,4,4,3,3,2,Life Sciences,No,2
32,1,362,Male,Single,Y,No,4,80,Research & Development,Travel_Rarely,Laboratory Technician,2,2,9,6,2,0,4,5,128,84,19737,2176,13,0,4,1,4,3,3,1,Technical Degree,No,2
46,1,363,Female,Married,Y,Yes,3,80,Sales,Travel_Rarely,Manager,4,1,28,7,7,7,7,2,488,75,14977,16872,12,1,3,2,2,2,3,3,Technical Degree,No,2
28,1,364,Male,Single,Y,No,2,80,Research & Development,Travel_Rarely,Laboratory Technician,1,3,5,0,0,0,0,5,529,79,14935,3485,11,0,1,3,3,1,3,4,Life Sciences,Yes,2
29,1,366,Male,Married,Y,No,2,80,Sales,Travel_Rarely,Sales Executive,2,2,10,0,0,0,0,2,1210,78,3687,6644,19,2,1,2,2,3,3,3,Medical,No,2
31,1,367,Male,Married,Y,No,0,80,Research & Development,Travel_Rarely,Healthcare Representative,2,2,10,9,0,7,8,2,1463,64,14408,5582,21,1,2,4,2,3,4,3,Medical,No,23
25,1,369,Male,Divorced,Y,No,1,80,Research & Development,Non-Travel,Healthcare Representative,2,4,6,6,3,1,5,2,675,85,18384,4000,12,2,2,1,4,3,3,2,Life Sciences,No,5
45,1,372,Male,Married,Y,Yes,0,80,Research & Development,Travel_Rarely,Healthcare Representative,4,3,21,20,7,4,10,2,1385,79,7501,13496,14,0,3,4,2,3,3,2,Medical,No,20
36,1,373,Male,Married,Y,No,0,80,Research & Development,Travel_Rarely,Laboratory Technician,1,3,16,15,13,10,11,4,1403,47,20251,3210,11,1,4,4,3,3,3,3,Life Sciences,No,6
55,1,374,Male,Single,Y,Yes,0,80,Research & Development,Travel_Rarely,Manager,5,3,37,36,10,4,13,2,452,81,18938,19045,14,0,4,1,3,3,3,3,Medical,No,1
47,1,376,Male,Married,Y,Yes,1,80,Research & Development,Non-Travel,Manager,3,3,10,10,7,9,9,2,666,88,10268,11849,12,1,1,2,4,2,3,4,Life Sciences,Yes,29
28,1,377,Male,Married,Y,No,1,80,Research & Development,Travel_Rarely,Research Scientist,1,3,5,5,2,0,4,3,1158,94,2613,2070,23,1,4,4,4,2,4,3,Medical,No,9
37,1,378,Male,Married,Y,No,4,80,Sales,Travel_Rarely,Sales Executive,2,3,7,5,4,0,1,5,228,98,22825,6502,14,1,3,4,2,4,3,4,Medical,No,6
21,1,379,Male,Single,Y,No,1,80,Research & Development,Travel_Rarely,Research Scientist,1,2,3,3,2,1,0,4,996,100,10531,3230,17,0,4,3,1,4,3,2,Medical,No,3
37,1,380,Female,Divorced,Y,Yes,2,80,Research & Development,Non-Travel,Research Director,3,3,15,5,2,0,2,2,728,80,11677,13603,18,2,1,4,1,3,3,4,Medical,No,1
35,1,381,Female,Divorced,Y,No,7,80,Research & Development,Travel_Rarely,Manager,3,4,10,7,7,6,2,6,1315,71,19100,11996,18,1,2,2,2,2,3,3,Life Sciences,No,22
38,1,382,Female,Divorced,Y,Yes,1,80,Sales,Travel_Rarely,Sales Executive,2,4,8,8,0,7,7,3,322,44,19191,5605,24,1,1,1,3,3,4,2,Medical,No,7
26,1,384,Female,Divorced,Y,No,1,80,Research & Development,Travel_Frequently,Manufacturing Director,2,3,6,6,5,1,4,6,1479,84,26767,6397,20,1,3,2,1,1,4,3,Life Sciences,No,1
50,1,385,Male,Divorced,Y,No,3,80,Research & Development,Travel_Rarely,Research Director,5,3,28,10,4,1,6,4,797,96,15815,19144,14,2,1,2,1,2,3,1,Life Sciences,No,4
53,1,386,Male,Married,Y,Yes,3,80,Research & Development,Travel_Rarely,Research Director,4,3,21,5,3,1,3,5,1070,45,21016,17584,16,3,3,3,4,2,3,4,Medical,No,3
42,1,387,Male,Married,Y,No,1,80,Sales,Travel_Rarely,Sales Executive,2,3,20,20,16,11,6,3,635,99,24532,4907,25,0,2,3,3,3,4,1,Life Sciences,No,1
29,1,388,Male,Single,Y,No,1,80,Sales,Travel_Frequently,Sales Executive,2,3,10,10,7,0,9,3,442,44,20260,4554,18,0,2,4,1,2,3,2,Life Sciences,No,2
55,1,389,Male,Married,Y,Yes,3,80,Research & Development,Travel_Rarely,Laboratory Technician,2,3,12,10,7,0,8,4,147,37,15972,5415,19,1,2,4,4,3,3,2,Technical Degree,No,20
26,1,390,Male,Married,Y,Yes,1,80,Research & Development,Travel_Frequently,Healthcare Representative,2,3,5,5,3,3,3,3,496,60,22722,4741,13,1,1,1,3,3,3,2,Medical,No,11
37,1,391,Female,Single,Y,No,1,80,Research & Development,Travel_Rarely,Research Scientist,1,3,17,17,12,5,7,3,1372,42,15881,2115,12,0,4,4,2,3,3,3,Life Sciences,No,1
44,1,392,Male,Divorced,Y,Yes,3,80,Research & Development,Travel_Frequently,Laboratory Technician,1,3,19,1,0,0,0,0,920,43,19920,3161,22,1,4,3,4,1,4,3,Life Sciences,Yes,24
38,1,393,Male,Divorced,Y,No,9,80,Research & Development,Travel_Rarely,Healthcare Representative,2,3,10,2,2,1,2,2,688,82,18899,5745,14,1,4,4,2,3,3,4,Life Sciences,No,23
26,1,394,Male,Divorced,Y,Yes,2,80,Research & Development,Travel_Rarely,Laboratory Technician,1,3,5,3,2,0,2,2,1449,45,14180,2373,13,1,1,2,4,3,3,4,Medical,Yes,16
28,1,395,Female,Single,Y,No,1,80,Research & Development,Travel_Rarely,Research Scientist,1,3,5,5,3,0,2,3,1117,66,4488,3310,21,0,4,4,4,3,4,2,Life Sciences,No,8
49,1,396,Female,Single,Y,Yes,9,80,Research & Development,Travel_Frequently,Research Director,5,3,22,3,2,1,2,4,636,35,25594,18665,11,0,3,1,4,3,3,4,Life Sciences,No,10
36,1,397,Male,Single,Y,No,4,80,Research & Development,Travel_Rarely,Research Scientist,2,3,10,8,0,7,7,2,506,30,26285,4485,12,0,3,2,4,3,3,3,Technical Degree,No,3
31,1,399,Female,Divorced,Y,No,1,80,Sales,Travel_Frequently,Sales Representative,1,3,2,2,2,2,2,5,444,84,3909,2789,11,1,4,2,3,2,3,3,Marketing,No,5
26,1,401,Male,Single,Y,Yes,1,80,Sales,Travel_Rarely,Sales Executive,2,2,8,8,7,7,4,0,950,48,8450,5828,12,0,4,4,2,3,3,4,Marketing,Yes,4
37,1,403,Male,Married,Y,Yes,1,80,Research & Development,Travel_Frequently,Research Scientist,1,3,4,4,2,1,2,3,889,53,11411,2326,12,3,2,4,3,2,3,3,Medical,No,9
42,1,404,Female,Married,Y,No,5,80,Sales,Travel_Frequently,Sales Executive,4,3,23,20,4,4,8,2,555,77,14864,13525,14,1,3,2,4,4,3,3,Marketing,No,26
18,1,405,Male,Single,Y,No,1,80,Research & Development,Travel_Rarely,Laboratory Technician,1,3,0,0,0,0,0,2,230,54,25233,1420,13,0,3,3,3,3,3,3,Life Sciences,Yes,3
35,1,406,Male,Married,Y,No,0,80,Sales,Travel_Rarely,Sales Executive,3,3,12,11,9,6,9,3,1232,96,5100,8020,15,2,3,2,3,2,3,3,Marketing,No,16
36,1,407,Male,Married,Y,No,4,80,Research & Development,Travel_Frequently,Laboratory Technician,1,4,4,1,0,0,0,2,566,81,7122,3688,18,2,3,4,4,3,3,4,Life Sciences,No,18
51,1,408,Male,Divorced,Y,No,5,80,Research & Development,Travel_Rarely,Manufacturing Director,2,1,13,4,1,1,2,3,1302,84,16321,5482,18,1,4,2,4,3,3,3,Medical,No,2
41,1,410,Male,Single,Y,No,1,80,Sales,Travel_Rarely,Manager,4,3,22,22,10,0,4,2,334,88,15896,16015,19,0,4,2,2,3,3,4,Life Sciences,No,2
18,1,411,Female,Single,Y,No,1,80,Sales,Travel_Rarely,Sales Representative,1,2,0,0,0,0,0,2,812,69,9724,1200,12,0,4,3,1,3,3,3,Medical,No,10
28,1,412,Male,Single,Y,No,0,80,Research & Development,Travel_Rarely,Healthcare Representative,2,4,9,8,3,0,7,2,1476,68,4824,5661,19,0,2,1,3,3,3,2,Medical,No,16
31,1,416,Male,Married,Y,No,4,80,Sales,Travel_Rarely,Sales Executive,2,4,10,8,7,7,7,3,218,100,12241,6929,11,1,2,4,2,2,3,3,Technical Degree,No,7
39,1,417,Male,Divorced,Y,No,0,80,Research & Development,Travel_Rarely,Healthcare Representative,3,4,19,18,10,3,7,5,1132,48,10942,9613,17,3,3,4,1,2,3,3,Medical,No,1
36,1,419,Female,Married,Y,No,7,80,Research & Development,Non-Travel,Laboratory Technician,2,3,11,9,8,0,8,3,1105,47,6927,5674,15,1,2,2,3,3,3,4,Life Sciences,No,24
32,1,420,Male,Married,Y,No,1,80,Sales,Travel_Rarely,Sales Executive,2,2,13,13,8,4,8,3,906,91,16985,5484,14,1,4,3,3,2,3,3,Life Sciences,No,7
38,1,421,Female,Married,Y,No,3,80,Research & Development,Travel_Rarely,Research Director,3,2,19,10,8,0,1,2,849,81,26707,12061,17,1,1,2,3,3,3,2,Life Sciences,No,25
58,1,422,Male,Divorced,Y,Yes,2,80,Research & Development,Non-Travel,Healthcare Representative,2,1,12,5,3,1,2,2,390,32,17056,5660,13,1,4,3,4,3,3,4,Life Sciences,No,1
31,1,423,Male,Married,Y,Yes,0,80,Research & Development,Travel_Rarely,Research Scientist,1,3,6,5,2,0,3,4,691,86,10077,4821,12,1,3,4,3,3,3,4,Technical Degree,No,5
31,1,424,Male,Married,Y,No,3,80,Human Resources,Travel_Rarely,Human Resources,2,2,9,2,2,1,0,1,106,62,17822,6410,12,0,1,1,4,3,3,3,Human Resources,No,2
45,1,425,Male,Divorced,Y,No,1,80,Research & Development,Travel_Frequently,Laboratory Technician,3,3,24,24,9,9,11,2,1249,97,20308,5210,18,1,1,1,1,3,3,3,Life Sciences,No,7
31,1,426,Male,Divorced,Y,Yes,0,80,Research & Development,Travel_Rarely,Research Scientist,1,3,3,2,2,2,2,2,192,32,7747,2695,18,1,3,4,2,1,3,4,Life Sciences,No,2
33,1,428,Female,Married,Y,No,6,80,Research & Development,Travel_Frequently,Manager,3,3,12,10,6,8,8,2,553,74,23364,11878,11,2,4,2,2,3,3,4,Life Sciences,No,5
39,1,429,Male,Married,Y,Yes,1,80,Research & Development,Travel_Rarely,Manager,4,3,21,21,9,11,10,3,117,99,5355,17068,14,0,3,1,4,3,3,1,Medical,No,10
43,1,430,Female,Single,Y,No,0,80,Research & Development,Travel_Frequently,Laboratory Technician,1,3,9,8,7,1,7,5,185,33,10675,2455,19,0,3,4,1,3,3,4,Life Sciences,No,10
49,1,431,Female,Single,Y,Yes,7,80,Research & Development,Travel_Rarely,Healthcare Representative,4,2,25,7,1,0,7,2,1091,90,17810,13964,12,0,3,3,4,3,3,2,Technical Degree,No,1
52,1,433,Male,Married,Y,No,2,80,Research & Development,Travel_Rarely,Research Scientist,2,2,11,8,2,7,7,3,723,85,17747,4941,15,0,3,2,1,2,3,4,Medical,Yes,8
27,1,434,Female,Single,Y,Yes,1,80,Research & Development,Travel_Rarely,Research Scientist,1,3,4,4,3,1,2,2,1220,85,20938,2478,12,0,3,2,2,2,3,3,Life Sciences,No,5
32,1,436,Female,Married,Y,Yes,1,80,Sales,Travel_Rarely,Sales Executive,2,2,13,13,12,11,9,2,588,65,24624,5228,11,0,3,2,4,3,3,2,Technical Degree,No,8
27,1,437,Male,Single,Y,Yes,1,80,Sales,Travel_Rarely,Sales Executive,2,3,5,5,4,0,4,3,1377,74,5242,4478,11,0,4,3,1,3,3,3,Life Sciences,No,2
31,1,438,Male,Divorced,Y,No,4,80,Sales,Travel_Rarely,Sales Executive,2,3,13,7,7,1,7,3,691,73,7143,7547,12,3,4,4,4,3,3,3,Marketing,No,7
32,1,439,Female,Single,Y,No,7,80,Research & Development,Travel_Rarely,Research Scientist,2,4,10,7,7,0,7,0,1018,74,10557,5055,16,0,1,4,3,2,3,4,Medical,No,2
28,1,440,Male,Married,Y,Yes,5,80,Research & Development,Travel_Rarely,Research Scientist,1,1,5,3,2,2,2,4,1157,84,24737,3464,13,0,1,4,4,2,3,4,Medical,Yes,2
30,1,441,Female,Married,Y,No,1,80,Research & Development,Travel_Rarely,Research Scientist,2,3,11,10,8,1,9,2,1275,64,11934,5775,13,2,4,4,4,3,3,2,Medical,No,28
31,1,442,Female,Married,Y,No,1,80,Research & Development,Travel_Frequently,Manufacturing Director,3,2,10,10,9,8,9,2,798,48,14034,8943,24,1,3,3,1,3,4,2,Life Sciences,No,7
39,1,444,Male,Married,Y,No,1,80,Research & Development,Travel_Frequently,Manager,5,2,21,21,9,13,3,2,672,54,21141,19272,15,1,3,4,1,3,3,2,Medical,No,7
39,1,445,Female,Married,Y,Yes,4,80,Sales,Travel_Rarely,Sales Executive,2,3,12,1,0,0,0,3,1162,41,17778,5238,18,0,4,3,1,2,3,2,Medical,Yes,3
33,1,446,Male,Single,Y,No,3,80,Sales,Travel_Frequently,Sales Executive,2,2,9,7,7,0,1,6,508,46,4317,4682,14,0,2,4,3,2,3,3,Marketing,No,10
47,1,447,Male,Married,Y,No,4,80,Research & Development,Travel_Rarely,Research Director,5,3,21,3,2,1,1,2,1482,42,16375,18300,11,1,4,3,2,3,3,5,Life Sciences,No,5
43,1,448,Female,Divorced,Y,No,1,80,Research & Development,Travel_Frequently,Laboratory Technician,2,2,9,9,7,0,0,3,559,82,6227,5257,11,1,3,3,2,4,3,4,Life Sciences,No,10
27,1,449,Male,Married,Y,Yes,0,80,Sales,Non-Travel,Sales Executive,2,3,6,5,4,1,4,0,210,73,22107,6349,13,1,3,2,4,3,3,1,Marketing,No,1
54,1,450,Female,Single,Y,No,3,80,Research & Development,Travel_Frequently,Research Scientist,2,3,20,4,3,0,3,4,928,31,16885,4869,12,0,4,3,4,2,3,4,Life Sciences,No,20
43,1,451,Female,Married,Y,No,8,80,Research & Development,Travel_Rarely,Healthcare Representative,3,3,10,1,0,0,0,1,1001,43,9262,9985,16,1,3,1,1,2,3,3,Life Sciences,No,7
45,1,452,Male,Married,Y,No,9,80,Research & Development,Travel_Rarely,Research Scientist,2,3,12,10,9,9,8,3,549,75,9278,3697,14,2,4,4,1,3,3,4,Other,No,8
40,1,453,Male,Married,Y,Yes,2,80,Sales,Travel_Rarely,Sales Executive,2,1,6,4,3,0,2,2,1124,57,13273,7457,22,3,2,4,3,2,4,2,Medical,No,1
29,1,454,Male,Married,Y,Yes,1,80,Research & Development,Travel_Rarely,Laboratory Technician,1,1,7,7,7,0,7,4,318,77,4759,2119,11,0,2,1,4,2,3,4,Other,Yes,8
29,1,455,Male,Single,Y,No,0,80,Research & Development,Travel_Rarely,Laboratory Technician,1,2,4,3,2,2,2,2,738,30,7621,3983,17,0,2,4,3,3,3,5,Other,No,9
30,1,456,Female,Divorced,Y,No,1,80,Sales,Travel_Rarely,Sales Executive,2,2,10,10,9,1,2,2,570,30,5431,6118,13,3,4,3,3,3,3,3,Marketing,No,5
27,1,458,Female,Married,Y,No,1,80,Sales,Travel_Rarely,Sales Executive,2,3,8,8,7,0,7,3,1130,56,3415,6214,18,1,2,2,1,3,3,4,Marketing,No,8
37,1,460,Male,Divorced,Y,No,7,80,Research & Development,Travel_Rarely,Manufacturing Director,2,3,8,6,2,0,4,2,1192,61,23177,6347,16,2,4,4,3,2,3,2,Medical,No,5
38,1,461,Male,Divorced,Y,Yes,0,80,Research & Development,Travel_Rarely,Research Director,3,2,12,11,10,2,9,3,343,92,15682,11510,14,1,3,4,2,3,3,2,Life Sciences,No,15
31,1,462,Female,Single,Y,Yes,1,80,Research & Development,Travel_Rarely,Manufacturing Director,3,3,11,11,9,4,10,2,1232,39,25713,7143,14,0,3,4,3,2,3,4,Medical,No,7
29,1,463,Female,Divorced,Y,Yes,1,80,Sales,Travel_Rarely,Sales Executive,2,2,7,7,7,1,7,2,144,39,11866,8268,14,2,4,2,1,3,3,1,Marketing,No,10
35,1,464,Male,Single,Y,No,0,80,Research & Development,Travel_Rarely,Manufacturing Director,3,3,17,16,6,0,13,5,1296,62,18264,8095,13,0,3,2,4,3,3,4,Technical Degree,No,5
23,1,465,Male,Divorced,Y,No,1,80,Research & Development,Travel_Rarely,Research Scientist,1,3,4,4,2,0,2,2,1309,83,16092,2904,12,2,3,4,3,2,3,1,Life Sciences,No,26
41,1,466,Male,Single,Y,Yes,6,80,Research & Development,Travel_Rarely,Manufacturing Director,2,2,8,5,4,1,2,3,483,95,10110,6032,15,0,4,2,4,3,3,3,Medical,No,6
47,1,467,Male,Single,Y,No,3,80,Sales,Travel_Frequently,Sales Representative,2,3,5,0,0,0,0,3,1309,99,25751,2976,19,0,2,3,1,3,3,1,Medical,No,4
42,1,468,Female,Single,Y,No,2,80,Research & Development,Travel_Rarely,Research Director,4,3,16,1,0,0,0,2,810,44,15901,15992,14,0,1,4,2,3,3,5,Life Sciences,No,23
29,1,469,Male,Married,Y,No,1,80,Sales,Non-Travel,Sales Executive,2,3,4,4,3,0,2,3,746,61,16928,4649,14,1,4,3,1,2,3,3,Life Sciences,No,2
42,1,470,Male,Divorced,Y,Yes,0,80,Human Resources,Travel_Rarely,Human Resources,1,3,4,3,2,1,0,5,544,52,24017,2696,11,1,3,3,3,3,3,1,Technical Degree,No,2
32,1,471,Female,Married,Y,No,1,80,Research & Development,Travel_Rarely,Laboratory Technician,1,3,8,8,0,0,7,4,1062,75,3956,2370,13,1,3,2,3,3,3,3,Medical,No,2
48,1,473,Female,Married,Y,No,3,80,Sales,Travel_Rarely,Manager,3,3,15,0,0,0,0,3,530,91,23978,12504,21,1,1,3,2,1,4,1,Medical,No,29
37,1,474,Male,Divorced,Y,Yes,4,80,Research & Development,Travel_Rarely,Research Scientist,2,4,13,7,7,6,7,2,1319,51,17001,5974,13,2,3,1,1,3,3,3,Medical,No,6
30,1,475,Female,Married,Y,Yes,7,80,Sales,Non-Travel,Sales Executive,2,3,4,2,2,2,2,2,641,85,6069,4736,12,1,4,3,2,4,3,2,Technical Degree,No,25
26,1,476,Male,Married,Y,No,1,80,Sales,Travel_Rarely,Sales Executive,2,3,8,8,7,7,7,3,933,57,20156,5296,17,1,3,3,2,3,3,3,Life Sciences,No,1
42,1,477,Male,Single,Y,No,3,80,Research & Development,Travel_Rarely,Healthcare Representative,2,2,14,1,0,0,0,6,1332,98,17078,6781,23,0,1,4,2,3,4,4,Other,No,2
21,1,478,Female,Single,Y,Yes,1,80,Sales,Travel_Frequently,Sales Representative,1,2,3,3,2,1,2,3,756,99,9150,2174,11,0,1,2,3,3,3,1,Technical Degree,Yes,1
36,1,479,Female,Single,Y,No,4,80,Sales,Non-Travel,Sales Executive,2,3,7,1,0,0,0,6,845,45,15276,6653,15,0,4,4,2,3,3,5,Medical,No,1
36,1,481,Male,Married,Y,No,4,80,Sales,Travel_Frequently,Sales Executive,3,2,16,13,9,1,12,2,541,48,7246,9699,11,1,1,4,1,3,3,4,Medical,No,3
57,1,482,Male,Married,Y,No,2,80,Research & Development,Travel_Rarely,Healthcare Representative,2,3,15,3,2,1,2,2,593,88,2967,6755,11,0,4,3,3,3,3,4,Medical,No,1
40,1,483,Female,Married,Y,Yes,3,80,Research & Development,Travel_Rarely,Laboratory Technician,1,4,10,7,7,1,7,3,1171,46,22495,2213,13,1,4,3,3,3,3,4,Life Sciences,No,10
21,1,484,Male,Single,Y,No,1,80,Sales,Non-Travel,Sales Representative,1,3,3,3,2,2,2,3,895,39,2851,2610,24,0,1,4,3,2,4,2,Medical,No,9
33,1,485,Female,Single,Y,Yes,1,80,Sales,Travel_Rarely,Sales Representative,1,3,1,1,0,0,0,2,350,34,9150,2851,13,0,4,3,2,3,3,3,Marketing,Yes,5
37,1,486,Female,Married,Y,No,6,80,Research & Development,Travel_Rarely,Laboratory Technician,1,3,17,5,4,0,3,3,921,98,17663,3452,20,1,3,1,2,3,4,3,Medical,No,10
46,1,487,Female,Married,Y,No,2,80,Research & Development,Non-Travel,Manufacturing Director,2,3,7,1,0,0,0,2,1144,30,16044,5258,14,0,3,3,3,4,3,4,Medical,No,7
41,1,488,Male,Single,Y,No,1,80,Sales,Travel_Frequently,Sales Executive,2,3,8,8,7,7,7,5,143,56,9558,9355,18,0,1,2,3,3,3,3,Marketing,Yes,4
50,1,491,Male,Single,Y,No,6,80,Research & Development,Travel_Rarely,Healthcare Representative,3,2,20,4,3,1,3,2,1046,100,2755,10496,15,0,4,4,4,3,3,3,Technical Degree,No,10
40,1,492,Male,Married,Y,Yes,2,80,Sales,Travel_Rarely,Sales Executive,2,2,8,6,4,1,0,6,575,68,6110,6380,12,2,3,3,1,3,3,2,Marketing,Yes,22
31,1,493,Male,Single,Y,Yes,0,80,Research & Development,Travel_Rarely,Research Scientist,1,2,3,2,2,2,2,5,408,42,7551,2657,16,0,3,2,4,3,3,4,Life Sciences,No,9
21,1,494,Female,Single,Y,No,1,80,Sales,Travel_Rarely,Sales Representative,1,4,1,1,0,0,0,0,156,90,25422,2716,15,0,3,2,4,3,3,3,Life Sciences,Yes,12
29,1,495,Male,Single,Y,No,9,80,Research & Development,Travel_Rarely,Research Scientist,1,3,6,3,2,1,2,4,1283,54,18168,2201,16,0,4,4,4,3,3,3,Life Sciences,No,23
35,1,496,Male,Single,Y,No,9,80,Research & Development,Travel_Rarely,Healthcare Representative,2,2,10,1,1,0,0,5,755,97,19394,6540,19,0,3,2,3,3,3,4,Life Sciences,No,9
27,1,497,Male,Divorced,Y,No,1,80,Research & Development,Travel_Rarely,Laboratory Technician,1,3,5,5,2,0,4,2,1469,82,17881,3816,11,1,4,2,2,3,3,2,Medical,No,1
28,1,498,Male,Single,Y,No,1,80,Sales,Travel_Rarely,Sales Executive,2,3,7,7,5,0,7,1,304,92,20750,5253,16,0,2,4,4,3,3,4,Life Sciences,No,9
49,1,499,Male,Single,Y,No,8,80,Research & Development,Travel_Rarely,Healthcare Representative,3,2,26,5,2,0,0,2,1261,31,12066,10965,24,0,2,3,3,3,4,3,Other,No,7
51,1,500,Female,Married,Y,No,4,80,Sales,Travel_Rarely,Sales Executive,2,3,18,7,7,0,7,2,1178,87,14862,4936,11,1,3,4,3,2,3,2,Life Sciences,No,14
36,1,501,Female,Married,Y,No,4,80,Research & Development,Travel_Rarely,Research Scientist,1,3,6,2,2,2,2,3,329,96,11868,2543,13,1,4,3,2,3,3,3,Life Sciences,No,2
34,1,502,Male,Single,Y,Yes,8,80,Sales,Non-Travel,Sales Executive,2,4,9,5,2,0,4,3,1362,67,4652,5304,13,0,1,4,2,2,3,3,Marketing,Yes,19
55,1,505,Female,Single,Y,Yes,2,80,Research & Development,Travel_Rarely,Manager,4,3,30,5,4,1,2,2,1311,97,23258,16659,13,0,3,4,3,3,3,3,Life Sciences,No,2
24,1,507,Female,Divorced,Y,Yes,1,80,Sales,Travel_Rarely,Sales Executive,2,3,5,5,2,0,3,2,1371,77,5915,4260,12,1,4,3,4,4,3,4,Marketing,No,10
30,1,508,Male,Married,Y,No,1,80,Sales,Travel_Rarely,Sales Representative,1,3,1,1,0,0,0,3,202,72,17434,2476,18,1,3,2,1,3,3,1,Technical Degree,No,2
26,1,510,Male,Single,Y,No,0,80,Research & Development,Travel_Frequently,Research Scientist,1,3,7,6,4,0,4,2,575,73,6582,3102,22,0,3,1,3,3,4,1,Technical Degree,Yes,3
22,1,511,Female,Married,Y,No,1,80,Research & Development,Travel_Rarely,Research Scientist,1,3,2,2,1,1,2,1,253,43,24440,2244,13,1,1,2,4,3,3,3,Medical,No,11
36,1,513,Male,Married,Y,No,1,80,Sales,Travel_Rarely,Sales Executive,3,2,10,10,9,9,0,2,164,61,3809,7596,13,2,2,3,2,3,3,2,Medical,No,2
30,1,514,Male,Single,Y,Yes,9,80,Research & Development,Travel_Frequently,Research Scientist,1,3,3,1,0,0,0,4,464,40,3427,2285,23,0,3,4,3,3,4,3,Technical Degree,Yes,4
37,1,515,Female,Divorced,Y,No,1,80,Research & Development,Travel_Rarely,Laboratory Technician,1,3,18,18,7,12,17,2,1107,95,26914,3034,12,1,4,1,3,2,3,3,Life Sciences,No,14
40,1,516,Female,Divorced,Y,No,7,80,Sales,Travel_Rarely,Sales Executive,2,3,8,5,4,1,3,5,759,46,22553,5715,12,2,4,2,3,3,3,2,Marketing,No,2
42,1,517,Female,Divorced,Y,No,3,80,Research & Development,Travel_Rarely,Laboratory Technician,1,3,8,5,2,1,2,5,201,95,20490,2576,16,1,2,1,2,3,3,4,Life Sciences,No,1
37,1,518,Male,Single,Y,Yes,2,80,Research & Development,Travel_Rarely,Manufacturing Director,2,3,18,1,0,0,1,2,1305,49,21123,4197,12,0,3,2,4,2,3,4,Life Sciences,No,10
43,1,520,Male,Divorced,Y,No,1,80,Research & Development,Travel_Rarely,Research Director,4,2,25,25,10,3,9,3,982,59,4345,14336,11,1,1,2,3,3,3,3,Life Sciences,No,12
40,1,521,Female,Married,Y,No,6,80,Research & Development,Travel_Rarely,Laboratory Technician,2,2,20,1,0,0,0,3,555,78,13436,3448,22,1,2,3,2,3,4,3,Medical,No,2
54,1,522,Male,Married,Y,No,4,80,Research & Development,Travel_Rarely,Research Director,5,3,24,4,2,1,2,4,821,86,8509,19406,11,1,1,1,3,2,3,2,Medical,No,5
34,1,523,Female,Married,Y,No,9,80,Sales,Non-Travel,Sales Executive,2,3,6,3,2,1,2,3,1381,72,12740,6538,15,1,3,3,1,3,3,4,Marketing,No,4
31,1,524,Female,Married,Y,No,1,80,Research & Development,Travel_Rarely,Manufacturing Director,2,3,13,13,10,3,12,5,480,31,4156,4306,12,1,2,1,2,1,3,2,Medical,No,7
43,1,525,Male,Married,Y,No,7,80,Research & Development,Travel_Frequently,Laboratory Technician,1,3,8,3,2,1,2,1,313,61,15238,2258,20,1,4,4,1,3,4,3,Medical,No,21
43,1,526,Female,Divorced,Y,Yes,4,80,Research & Development,Travel_Rarely,Healthcare Representative,2,3,8,5,2,0,2,3,1473,74,2227,4522,14,0,3,3,4,3,3,4,Other,No,8
25,1,527,Female,Single,Y,Yes,1,80,Sales,Travel_Rarely,Sales Executive,2,2,5,5,4,1,3,3,891,99,12090,4487,11,0,2,4,2,3,3,2,Life Sciences,No,4
37,1,529,Female,Married,Y,Yes,3,80,Research & Development,Non-Travel,Research Scientist,2,3,15,13,11,10,7,2,1063,72,23866,4449,15,2,2,3,1,3,3,5,Medical,No,25
31,1,530,Male,Married,Y,No,1,80,Research & Development,Travel_Rarely,Laboratory Technician,1,2,4,4,2,3,2,3,329,98,16193,2218,12,1,4,1,3,3,3,2,Life Sciences,No,1
39,1,531,Male,Divorced,Y,Yes,1,80,Research & Development,Travel_Frequently,Manager,5,3,21,21,8,1,6,3,1218,52,8213,19197,14,1,2,3,3,3,3,1,Life Sciences,No,1
56,1,532,Female,Married,Y,No,9,80,Sales,Travel_Frequently,Sales Executive,4,4,36,7,7,7,7,0,906,86,18256,13212,11,3,3,1,4,2,3,3,Life Sciences,No,6
30,1,533,Female,Single,Y,No,0,80,Sales,Travel_Rarely,Sales Executive,2,3,6,5,4,4,4,6,1082,83,19558,6577,11,0,2,3,2,3,3,3,Technical Degree,No,12
41,1,534,Male,Married,Y,No,1,80,Sales,Travel_Rarely,Sales Executive,3,4,10,10,7,0,7,2,645,49,19566,8392,16,1,2,1,3,3,3,3,Marketing,No,1
28,1,536,Male,Divorced,Y,No,1,80,Research & Development,Travel_Rarely,Laboratory Technician,2,3,10,10,0,1,8,2,1300,79,13535,4558,12,1,3,1,4,3,3,2,Medical,No,17
25,1,538,Male,Married,Y,No,5,80,Research & Development,Travel_Rarely,Laboratory Technician,1,3,6,2,2,0,2,5,688,91,9396,4031,13,1,1,1,3,3,3,3,Medical,Yes,3
52,1,543,Male,Married,Y,Yes,2,80,Research & Development,Travel_Rarely,Manufacturing Director,3,2,28,5,4,0,4,4,319,39,19609,7969,14,0,4,3,3,3,3,3,Medical,No,3
45,1,544,Male,Married,Y,No,3,80,Research & Development,Travel_Rarely,Research Scientist,1,3,8,2,2,0,2,3,192,69,9655,2654,21,2,1,4,4,2,4,2,Life Sciences,No,10
52,1,546,Female,Married,Y,No,2,80,Research & Development,Travel_Rarely,Manager,4,3,31,5,2,1,4,2,1490,30,10310,16555,13,0,4,4,4,1,3,2,Life Sciences,No,4
42,1,547,Female,Divorced,Y,No,2,80,Research & Development,Travel_Frequently,Research Scientist,2,3,19,5,4,0,2,3,532,92,12932,4556,11,1,1,3,2,3,3,2,Life Sciences,No,29
30,1,548,Female,Single,Y,No,2,80,Research & Development,Travel_Rarely,Manufacturing Director,2,1,11,5,4,0,2,2,317,43,24793,6091,20,0,3,4,3,3,4,3,Life Sciences,No,2
60,1,549,Female,Married,Y,No,5,80,Research & Development,Travel_Rarely,Manager,5,3,33,29,8,11,10,5,422,41,3854,19566,11,0,1,1,4,1,3,3,Life Sciences,No,7
46,1,550,Female,Divorced,Y,No,2,80,Research & Development,Travel_Rarely,Manufacturing Director,2,3,19,10,7,0,8,5,1485,87,26314,4810,14,1,3,3,3,2,3,3,Medical,No,18
42,1,551,Female,Married,Y,No,0,80,Research & Development,Travel_Frequently,Healthcare Representative,2,2,7,6,5,0,4,4,1368,88,4386,4523,11,3,4,4,4,4,3,4,Technical Degree,No,28
24,1,554,Female,Single,Y,Yes,1,80,Sales,Travel_Rarely,Sales Representative,1,3,6,5,3,1,4,4,1448,62,21972,3202,16,0,1,2,2,3,3,1,Technical Degree,Yes,1
34,1,555,Female,Divorced,Y,No,0,80,Sales,Travel_Frequently,Sales Representative,1,1,3,2,2,1,0,3,296,33,12253,2351,16,1,4,3,4,2,3,2,Marketing,Yes,6
38,1,556,Male,Married,Y,Yes,1,80,Research & Development,Travel_Frequently,Laboratory Technician,1,3,1,1,0,0,0,3,1490,42,12106,1702,23,1,4,4,3,3,4,2,Life Sciences,No,2
40,1,558,Female,Married,Y,No,0,80,Sales,Travel_Rarely,Manager,5,3,21,20,15,1,12,2,1398,79,13022,18041,14,0,3,3,4,3,3,4,Life Sciences,No,2
26,1,560,Female,Divorced,Y,No,1,80,Research & Development,Travel_Rarely,Research Scientist,1,3,3,3,2,0,2,3,1349,90,3032,2886,22,2,1,4,2,1,4,3,Life Sciences,No,23
30,1,562,Male,Married,Y,No,4,80,Research & Development,Non-Travel,Laboratory Technician,1,3,9,5,3,1,4,3,1400,53,16734,2097,15,1,3,4,3,1,3,3,Life Sciences,No,3
29,1,564,Male,Married,Y,No,1,80,Research & Development,Travel_Rarely,Research Director,3,2,10,10,2,0,7,2,986,93,21526,11935,18,0,2,3,3,3,3,4,Medical,No,3
29,1,565,Female,Married,Y,No,5,80,Research & Development,Travel_Rarely,Research Scientist,1,2,6,2,2,1,1,2,408,71,18300,2546,16,0,3,2,2,4,3,5,Technical Degree,Yes,25
19,1,566,Male,Single,Y,No,1,80,Human Resources,Travel_Rarely,Human Resources,1,2,1,1,0,0,0,3,489,52,18437,2564,12,0,1,4,3,4,3,2,Technical Degree,Yes,2
30,1,567,Female,Married,Y,No,0,80,Sales,Non-Travel,Sales Executive,3,3,10,9,8,7,8,3,1398,69,2890,8412,11,0,3,1,3,3,3,4,Other,No,22
57,1,568,Male,Divorced,Y,No,3,80,Sales,Travel_Rarely,Manager,4,2,32,1,0,0,0,3,210,56,22102,14118,12,1,1,4,3,2,3,3,Marketing,No,29
50,1,569,Male,Married,Y,No,0,80,Research & Development,Travel_Rarely,Manager,4,2,28,27,10,15,7,2,1099,88,9314,17046,15,1,2,3,2,3,3,4,Life Sciences,No,29
30,1,571,Female,Single,Y,No,0,80,Research & Development,Non-Travel,Laboratory Technician,1,3,12,11,7,6,7,2,1116,49,7181,2564,14,0,3,4,3,2,3,3,Medical,No,2
60,1,573,Female,Married,Y,No,4,80,Sales,Travel_Frequently,Sales Executive,3,2,22,18,13,13,11,5,1499,80,2845,10266,19,0,3,1,4,4,3,3,Marketing,No,28
47,1,574,Female,Divorced,Y,No,5,80,Research & Development,Travel_Rarely,Manufacturing Director,2,3,20,5,0,0,4,2,983,65,7389,5070,13,3,1,4,3,3,3,2,Medical,No,2
46,1,575,Male,Married,Y,No,6,80,Research & Development,Travel_Rarely,Research Director,4,3,26,3,2,0,1,2,1009,51,2288,17861,13,0,1,3,3,1,3,3,Life Sciences,No,2
35,1,577,Male,Single,Y,No,0,80,Research & Development,Travel_Rarely,Laboratory Technician,1,1,6,5,4,4,3,2,144,46,19225,4230,15,0,4,3,3,3,3,3,Life Sciences,No,22
54,1,578,Female,Single,Y,No,7,80,Research & Development,Travel_Rarely,Laboratory Technician,2,3,19,1,0,0,0,3,548,42,23428,3780,11,0,3,3,3,3,3,4,Life Sciences,No,8
34,1,579,Male,Divorced,Y,No,3,80,Research & Development,Travel_Rarely,Research Scientist,1,2,14,7,3,5,7,3,1303,62,8416,2768,12,1,4,3,3,3,3,4,Life Sciences,No,2
46,1,580,Female,Married,Y,Yes,2,80,Sales,Travel_Rarely,Sales Executive,3,2,15,3,2,1,2,3,1125,94,11563,9071,19,1,3,4,3,3,3,3,Marketing,No,10
31,1,581,Male,Divorced,Y,No,1,80,Research & Development,Travel_Rarely,Manufacturing Director,3,3,13,13,8,0,8,6,1274,33,14394,10648,25,1,3,2,4,4,4,1,Life Sciences,No,9
33,1,582,Male,Married,Y,Yes,7,80,Research & Development,Travel_Rarely,Manager,3,3,15,7,6,7,7,2,1277,56,24619,13610,12,0,2,3,4,4,3,1,Medical,Yes,15
33,1,584,Male,Divorced,Y,No,7,80,Research & Development,Travel_Rarely,Laboratory Technician,1,1,8,4,3,1,3,2,587,38,6705,3408,13,3,1,4,1,3,3,1,Medical,Yes,10
30,1,585,Male,Single,Y,No,0,80,Sales,Travel_Rarely,Sales Representative,1,3,4,3,2,1,2,3,413,57,18398,2983,14,0,4,2,1,3,3,1,Marketing,No,7
35,1,586,Male,Married,Y,Yes,4,80,Research & Development,Travel_Rarely,Healthcare Representative,3,3,10,8,7,0,0,2,1276,72,14295,7632,12,0,4,3,3,3,3,3,Life Sciences,No,16
31,1,587,Male,Married,Y,No,3,80,Research & Development,Travel_Frequently,Healthcare Representative,3,3,12,1,0,0,0,2,534,66,22908,9824,12,0,1,3,1,3,3,3,Life Sciences,Yes,20
34,1,590,Female,Divorced,Y,Yes,9,80,Human Resources,Travel_Frequently,Human Resources,3,3,11,3,2,0,2,2,988,43,11533,9950,15,3,2,1,3,3,3,3,Human Resources,Yes,23
42,1,591,Male,Married,Y,No,4,80,Research & Development,Travel_Frequently,Laboratory Technician,1,3,8,2,2,2,0,4,1474,97,9260,2093,17,1,2,3,4,3,3,2,Other,No,5
36,1,592,Male,Single,Y,No,1,80,Sales,Non-Travel,Sales Executive,3,3,10,10,3,9,7,3,635,32,15318,9980,14,0,2,4,4,2,3,4,Medical,No,10
22,1,593,Male,Single,Y,No,5,80,Research & Development,Travel_Frequently,Laboratory Technician,1,2,4,2,2,1,2,3,1368,99,9129,3894,16,0,3,3,3,3,3,1,Technical Degree,Yes,4
48,1,595,Female,Married,Y,No,2,80,Sales,Travel_Rarely,Sales Executive,2,3,14,9,7,6,7,2,163,37,19658,4051,14,1,2,4,1,3,3,5,Marketing,No,2
55,1,597,Female,Single,Y,No,3,80,Sales,Travel_Rarely,Manager,4,3,37,10,9,7,7,2,1117,83,9873,16835,23,0,1,2,4,3,4,5,Life Sciences,No,18
41,1,599,Male,Single,Y,No,7,80,Sales,Non-Travel,Sales Executive,2,3,16,14,3,1,10,3,267,56,13430,6230,14,0,4,4,4,3,3,2,Life Sciences,No,10
35,1,600,Male,Married,Y,No,9,80,Sales,Travel_Rarely,Sales Executive,2,3,15,11,9,6,9,2,619,85,18659,4717,11,0,2,3,3,3,3,3,Marketing,No,1
40,1,601,Female,Single,Y,No,7,80,Research & Development,Travel_Rarely,Manufacturing Director,4,3,22,20,6,5,13,3,302,75,20364,13237,15,0,2,3,3,3,3,3,Life Sciences,No,6
39,1,602,Female,Married,Y,No,1,80,Research & Development,Travel_Frequently,Laboratory Technician,1,3,8,8,3,0,7,3,443,48,17872,3755,11,1,3,3,1,3,3,1,Life Sciences,No,8
31,1,604,Male,Single,Y,Yes,4,80,Sales,Travel_Rarely,Sales Executive,2,3,10,6,5,0,5,2,828,77,8346,6582,13,0,2,4,3,4,3,1,Life Sciences,No,2
42,1,605,Male,Married,Y,Yes,1,80,Research & Development,Travel_Rarely,Manufacturing Director,3,3,10,10,9,5,8,5,319,56,6950,7406,21,1,4,1,4,2,4,3,Medical,No,24
45,1,606,Male,Married,Y,No,0,80,Sales,Travel_Rarely,Sales Executive,2,3,9,8,7,3,7,3,561,61,16177,4805,19,1,4,2,2,4,3,3,Other,No,2
26,1,608,Female,Divorced,Y,Yes,0,80,Human Resources,Travel_Frequently,Human Resources,1,3,8,7,7,1,0,2,426,58,22808,2741,11,1,2,3,2,2,3,4,Life Sciences,Yes,17
29,1,611,Male,Divorced,Y,No,4,80,Research & Development,Travel_Rarely,Manufacturing Director,2,3,8,3,2,1,2,2,232,34,22645,4262,12,2,4,4,2,4,3,3,Technical Degree,No,19
33,1,612,Female,Divorced,Y,No,4,80,Research & Development,Travel_Rarely,Research Director,4,4,10,6,1,0,5,2,922,95,22578,16184,19,1,1,3,3,3,3,5,Medical,No,1
31,1,613,Male,Divorced,Y,No,9,80,Sales,Travel_Rarely,Manager,3,2,10,5,4,0,1,3,688,44,25291,11557,21,1,3,4,3,2,4,3,Life Sciences,No,7
18,1,614,Male,Single,Y,Yes,1,80,Sales,Travel_Frequently,Sales Representative,1,3,0,0,0,0,0,3,1306,69,8059,1878,14,0,2,2,4,3,3,3,Marketing,Yes,5
40,1,615,Male,Divorced,Y,No,3,80,Sales,Non-Travel,Sales Executive,3,1,20,1,0,0,1,2,1094,58,11373,10932,15,1,3,1,3,3,3,3,Other,No,28
41,1,616,Female,Single,Y,Yes,2,80,Research & Development,Non-Travel,Healthcare Representative,2,2,10,8,7,0,7,3,509,62,2112,6811,17,0,1,3,1,3,3,4,Other,No,2
26,1,618,Male,Divorced,Y,No,5,80,Sales,Travel_Rarely,Sales Executive,2,3,8,0,0,0,0,5,775,45,4267,4306,12,2,1,3,1,3,3,2,Medical,No,29
35,1,620,Female,Single,Y,No,1,80,Sales,Travel_Rarely,Sales Executive,2,3,5,5,4,0,3,3,195,80,6698,4859,16,0,1,3,4,3,3,3,Medical,No,1
34,1,621,Male,Single,Y,No,1,80,Sales,Travel_Rarely,Sales Executive,2,4,10,10,7,5,7,3,258,74,19921,5337,12,0,4,4,4,3,3,4,Life Sciences,No,21
26,1,622,Male,Single,Y,Yes,1,80,Research & Development,Travel_Rarely,Laboratory Technician,1,1,1,1,0,0,0,3,471,66,23213,2340,18,0,3,4,2,1,3,3,Technical Degree,Yes,24
37,1,623,Female,Single,Y,No,4,80,Research & Development,Travel_Rarely,Manufacturing Director,3,3,12,6,5,1,2,3,799,59,23848,7491,17,0,2,4,4,4,3,3,Technical Degree,No,1
46,1,624,Female,Married,Y,No,5,80,Research & Development,Travel_Frequently,Healthcare Representative,3,3,28,2,2,1,2,3,1034,86,8984,10527,11,0,1,3,4,2,3,1,Medical,No,18
41,1,625,Female,Married,Y,No,7,80,Sales,Travel_Rarely,Manager,4,3,22,18,16,11,8,2,1276,91,5626,16595,16,1,2,1,2,3,3,5,Life Sciences,No,2
37,1,626,Male,Divorced,Y,No,1,80,Sales,Non-Travel,Sales Executive,3,3,9,9,5,7,7,6,142,69,24666,8834,13,1,1,2,4,3,3,4,Medical,No,9
52,1,630,Male,Divorced,Y,Yes,3,80,Research & Development,Travel_Rarely,Research Scientist,2,3,18,10,9,6,9,3,956,78,22087,5577,12,2,4,1,2,3,3,2,Technical Degree,No,6
32,1,631,Male,Married,Y,No,8,80,Sales,Non-Travel,Sales Executive,2,4,6,4,2,1,2,2,1474,60,23914,4707,12,0,4,3,4,3,3,4,Other,Yes,11
24,1,632,Male,Married,Y,No,0,80,Sales,Travel_Frequently,Sales Representative,1,3,3,2,2,2,1,3,535,38,5530,2400,13,2,4,4,3,3,3,3,Medical,No,24
38,1,634,Female,Married,Y,No,3,80,Research & Development,Travel_Rarely,Healthcare Representative,2,3,18,1,0,0,0,4,1495,76,22174,9824,19,1,3,3,3,3,3,3,Medical,No,10
37,1,635,Female,Married,Y,No,6,80,Research & Development,Travel_Rarely,Manufacturing Director,2,3,8,6,5,4,3,2,446,65,15701,6447,12,1,2,2,2,2,3,4,Life Sciences,No,1
49,1,638,Male,Divorced,Y,Yes,1,80,Research & Development,Travel_Rarely,Research Director,5,2,31,31,9,0,9,5,1245,58,2125,19502,17,1,4,3,3,3,3,4,Life Sciences,No,18
24,1,639,Male,Married,Y,Yes,1,80,Research & Development,Travel_Rarely,Research Scientist,1,4,6,6,5,1,4,3,691,89,21630,2725,11,2,2,4,2,3,3,3,Medical,No,23
26,1,641,Male,Married,Y,No,1,80,Sales,Travel_Rarely,Sales Executive,2,3,6,5,3,1,4,5,703,66,7428,6272,20,2,1,2,4,4,4,2,Marketing,No,28
24,1,643,Male,Married,Y,No,1,80,Research & Development,Travel_Rarely,Laboratory Technician,1,2,1,1,0,0,0,2,823,94,9100,2127,21,1,4,2,4,3,4,2,Other,No,17
50,1,644,Male,Married,Y,No,1,80,Human Resources,Travel_Frequently,Manager,5,3,32,32,5,10,7,2,1246,99,7999,18200,11,1,1,2,3,3,3,3,Medical,No,3
25,1,645,Male,Married,Y,No,1,80,Sales,Travel_Rarely,Sales Representative,1,3,7,7,4,0,6,1,622,40,26376,2096,11,0,2,3,3,3,3,1,Medical,No,13
24,1,647,Female,Married,Y,Yes,1,80,Research & Development,Travel_Frequently,Laboratory Technician,1,3,6,6,3,1,2,4,1287,55,14168,2886,16,1,1,3,4,3,3,3,Life Sciences,Yes,7
30,1,648,Male,Married,Y,No,1,80,Sales,Travel_Frequently,Sales Representative,1,2,1,1,0,0,0,2,448,74,14470,2033,18,1,2,1,3,4,3,4,Life Sciences,Yes,12
34,1,649,Male,Married,Y,Yes,1,80,Research & Development,Travel_Rarely,Research Scientist,1,2,6,6,5,1,3,3,254,83,22794,3622,13,1,2,4,4,3,3,2,Life Sciences,No,1
31,1,650,Male,Divorced,Y,No,2,80,Sales,Travel_Rarely,Sales Executive,2,3,9,3,1,1,2,2,1365,46,11512,4233,17,0,2,1,3,1,3,4,Medical,Yes,13
35,1,652,Male,Single,Y,No,4,80,Research & Development,Travel_Rarely,Laboratory Technician,2,2,9,3,2,0,2,3,538,54,14004,3681,14,0,1,4,4,3,3,2,Other,No,25
31,1,653,Male,Divorced,Y,No,4,80,Sales,Travel_Rarely,Sales Executive,2,4,13,7,7,5,7,4,525,66,6219,5460,22,2,1,4,4,4,4,4,Medical,No,6
27,1,655,Female,Divorced,Y,No,0,80,Research & Development,Travel_Rarely,Research Scientist,1,2,6,5,3,0,3,5,798,66,5013,2187,12,2,1,3,3,2,3,4,Medical,No,6
37,1,656,Male,Married,Y,Yes,4,80,Sales,Travel_Rarely,Sales Executive,2,3,17,3,0,1,0,3,558,75,3010,9602,11,1,4,3,3,2,3,3,Marketing,No,2
20,1,657,Female,Single,Y,No,1,80,Research & Development,Travel_Rarely,Research Scientist,1,2,1,1,0,0,0,0,959,83,11757,2836,13,0,4,2,4,4,3,3,Life Sciences,No,1
42,1,659,Female,Married,Y,No,1,80,Research & Development,Travel_Rarely,Healthcare Representative,2,3,10,10,2,2,2,4,622,81,5718,4089,13,2,3,4,2,3,3,4,Life Sciences,No,2
43,1,661,Male,Divorced,Y,Yes,4,80,Research & Development,Travel_Rarely,Research Director,4,2,21,1,0,0,0,3,782,50,2671,16627,14,1,2,4,3,2,3,4,Other,No,6
38,1,662,Female,Single,Y,No,3,80,Research & Development,Travel_Rarely,Research Scientist,1,3,8,0,0,0,0,3,362,43,14561,2619,17,0,3,1,4,2,3,1,Life Sciences,No,1
43,1,663,Male,Divorced,Y,Yes,3,80,Research & Development,Travel_Frequently,Laboratory Technician,2,3,10,8,7,4,7,3,1001,72,19627,5679,13,1,4,3,2,3,3,5,Medical,No,9
48,1,664,Female,Married,Y,No,7,80,Research & Development,Travel_Rarely,Manager,4,2,21,3,2,0,2,3,1236,40,17997,15402,11,1,4,1,1,1,3,4,Life Sciences,No,1
44,1,665,Female,Single,Y,No,4,80,Human Resources,Travel_Rarely,Human Resources,2,2,10,2,2,0,2,1,1112,50,26894,5985,11,0,1,3,2,4,3,4,Life Sciences,No,1
34,1,666,Female,Divorced,Y,Yes,1,80,Sales,Travel_Rarely,Sales Representative,1,3,8,8,2,0,6,3,204,31,2912,2579,18,2,3,3,4,3,3,3,Technical Degree,No,14
27,1,667,Male,Divorced,Y,No,0,80,Sales,Travel_Rarely,Sales Representative,1,3,5,4,3,0,2,3,1420,85,16346,3041,11,1,3,1,2,3,3,1,Marketing,Yes,2
21,1,669,Male,Single,Y,No,1,80,Sales,Travel_Rarely,Sales Representative,1,3,3,3,2,1,2,2,1343,49,24444,3447,11,0,3,3,3,3,3,1,Technical Degree,No,22
44,1,671,Male,Married,Y,Yes,4,80,Research & Development,Travel_Rarely,Manager,5,3,26,2,2,0,1,2,1315,35,9358,19513,12,1,4,4,1,4,3,4,Other,No,3
22,1,675,Male,Married,Y,No,0,80,Research & Development,Travel_Rarely,Research Scientist,1,3,3,2,2,2,2,3,604,69,12145,2773,20,0,1,3,4,3,4,1,Medical,No,6
33,1,677,Male,Divorced,Y,No,0,80,Sales,Travel_Rarely,Sales Executive,2,3,6,5,0,1,2,3,1216,39,20431,7104,12,0,3,3,4,3,3,4,Marketing,No,8
32,1,679,Female,Married,Y,Yes,1,80,Research & Development,Travel_Rarely,Research Scientist,2,3,6,6,4,0,5,2,646,92,18089,6322,12,1,1,4,4,2,3,4,Life Sciences,No,9
30,1,680,Female,Divorced,Y,No,1,80,Research & Development,Travel_Frequently,Research Scientist,1,3,1,1,0,0,0,2,160,71,22653,2083,20,1,3,3,3,3,4,3,Medical,No,3
53,1,682,Female,Single,Y,No,7,80,Sales,Travel_Rarely,Sales Executive,2,3,18,14,7,8,10,2,238,34,7507,8381,20,0,4,1,4,4,4,1,Medical,No,1
34,1,683,Male,Married,Y,No,1,80,Research & Development,Travel_Rarely,Research Scientist,1,3,10,10,9,8,8,4,1397,42,7660,2691,12,1,2,4,4,2,3,5,Life Sciences,No,1
45,1,684,Female,Married,Y,No,2,80,Sales,Travel_Frequently,Sales Executive,2,3,5,1,1,0,0,4,306,100,5630,4286,14,2,1,1,4,3,3,4,Life Sciences,Yes,26
26,1,686,Female,Married,Y,Yes,1,80,Research & Development,Travel_Rarely,Laboratory Technician,1,3,3,3,2,0,2,2,991,71,17759,2659,13,1,3,4,3,3,3,3,Life Sciences,No,6
37,1,689,Male,Married,Y,No,1,80,Research & Development,Travel_Rarely,Manufacturing Director,3,3,10,10,7,7,8,2,482,36,9606,9434,15,1,3,3,3,3,3,3,Other,No,3
29,1,690,Female,Married,Y,No,1,80,Sales,Travel_Rarely,Sales Executive,2,3,6,6,0,1,2,5,1176,62,3487,5561,14,1,2,3,1,2,3,2,Medical,No,3
35,1,691,Male,Single,Y,No,1,80,Research & Development,Travel_Rarely,Research Scientist,2,1,17,17,11,11,8,3,1017,82,19368,6646,13,0,2,4,2,3,3,4,Life Sciences,No,6
33,1,692,Male,Divorced,Y,No,3,80,Research & Development,Travel_Frequently,Healthcare Representative,2,3,15,13,11,4,7,2,1296,30,5335,7725,23,1,3,4,3,1,4,3,Life Sciences,No,6
54,1,698,Male,Married,Y,No,2,80,Human Resources,Travel_Rarely,Human Resources,3,3,16,9,7,7,1,1,397,88,6729,10725,15,1,3,2,3,4,3,4,Medical,No,19
36,1,699,Male,Divorced,Y,Yes,2,80,Research & Development,Travel_Rarely,Manufacturing Director,2,2,13,3,2,0,2,2,913,48,13934,8847,11,1,2,2,3,3,3,2,Medical,No,9
27,1,700,Male,Single,Y,No,0,80,Research & Development,Travel_Rarely,Research Scientist,1,2,5,4,2,1,1,0,1115,54,15174,2045,13,0,1,4,4,3,3,4,Medical,No,3
20,1,701,Male,Single,Y,Yes,1,80,Research & Development,Travel_Rarely,Research Scientist,1,3,1,1,0,1,1,5,1362,32,26999,1009,11,0,4,3,4,3,3,1,Medical,Yes,10
33,1,702,Male,Single,Y,Yes,1,80,Research & Development,Travel_Frequently,Research Scientist,1,3,10,10,8,9,7,3,1076,70,3164,3348,11,0,1,1,1,3,3,3,Life Sciences,Yes,3
35,1,704,Male,Married,Y,No,1,80,Research & Development,Non-Travel,Laboratory Technician,1,2,1,1,0,0,0,3,727,41,16900,1281,18,2,3,3,3,3,3,3,Life Sciences,No,3
23,1,705,Male,Married,Y,No,2,80,Research & Development,Travel_Rarely,Research Scientist,1,4,5,3,2,0,2,3,885,58,8544,2819,16,1,1,1,1,4,3,3,Medical,No,4
25,1,707,Male,Married,Y,No,0,80,Sales,Travel_Rarely,Sales Executive,2,4,4,3,2,1,2,4,810,57,15678,4851,22,1,4,2,3,3,4,3,Life Sciences,No,8
38,1,709,Female,Single,Y,No,0,80,Sales,Travel_Rarely,Sales Executive,2,2,8,7,7,0,5,2,243,46,7791,4028,20,0,4,4,1,3,4,4,Marketing,No,7
29,1,710,Male,Divorced,Y,No,1,80,Research & Development,Travel_Frequently,Research Scientist,1,1,10,10,7,2,8,5,806,76,18959,2720,18,1,2,4,4,3,3,4,Life Sciences,No,1
48,1,712,Male,Married,Y,No,3,80,Sales,Travel_Rarely,Sales Executive,2,4,12,2,2,2,2,3,817,56,18597,8120,12,0,2,2,4,3,3,1,Marketing,No,2
27,1,714,Female,Divorced,Y,Yes,1,80,Sales,Travel_Frequently,Sales Executive,2,4,6,6,5,0,4,3,1410,71,16673,4647,20,2,4,4,2,3,4,1,Medical,No,3
37,1,715,Male,Single,Y,No,3,80,Research & Development,Travel_Rarely,Research Scientist,1,4,4,1,0,0,0,2,1225,80,15232,4680,17,0,4,4,1,3,3,2,Life Sciences,No,10
50,1,716,Male,Married,Y,Yes,1,80,Research & Development,Travel_Rarely,Laboratory Technician,1,4,20,20,8,3,8,3,1207,74,3297,3221,11,3,4,3,3,3,3,1,Medical,No,28
34,1,717,Female,Single,Y,No,1,80,Research & Development,Travel_Rarely,Healthcare Representative,3,2,9,8,7,7,7,3,1442,46,17654,8621,14,0,4,2,2,4,3,3,Medical,No,9
24,1,720,Female,Single,Y,No,9,80,Sales,Travel_Rarely,Sales Executive,2,3,4,2,2,2,0,3,693,65,24785,4577,14,0,1,3,1,3,3,2,Life Sciences,Yes,3
39,1,721,Female,Single,Y,No,1,80,Research & Development,Travel_Rarely,Healthcare Representative,2,2,20,20,7,11,10,4,408,80,20978,4553,11,0,4,3,1,3,3,4,Technical Degree,No,2
32,1,722,Male,Single,Y,No,1,80,Sales,Travel_Rarely,Sales Executive,2,3,10,10,7,0,8,2,929,55,21703,5396,12,0,4,4,4,2,3,3,Marketing,No,10
50,1,723,Male,Married,Y,Yes,3,80,Sales,Travel_Frequently,Sales Executive,2,3,18,4,3,1,3,4,562,50,23452,6796,14,1,2,3,1,3,3,2,Technical Degree,Yes,8
38,1,724,Female,Single,Y,No,0,80,Research & Development,Travel_Rarely,Healthcare Representative,2,4,10,9,7,1,8,4,827,33,19383,7625,13,0,2,4,3,2,3,4,Life Sciences,No,1
27,1,725,Female,Married,Y,No,1,80,Research & Development,Travel_Rarely,Manufacturing Director,3,3,9,9,7,0,7,3,608,68,6009,7412,11,0,3,1,4,3,3,2,Life Sciences,No,1
32,1,727,Female,Single,Y,No,3,80,Research & Development,Travel_Rarely,Research Director,3,3,10,7,7,7,7,6,1018,39,19373,11159,15,0,3,4,4,3,3,2,Life Sciences,No,3
47,1,728,Male,Single,Y,No,2,80,Sales,Travel_Rarely,Sales Executive,2,3,20,7,7,1,7,2,703,42,11825,4960,12,0,4,1,4,3,3,4,Marketing,No,14
40,1,729,Male,Married,Y,Yes,5,80,Sales,Travel_Frequently,Sales Executive,3,2,20,18,13,1,12,2,580,48,23772,10475,21,1,4,1,3,3,4,4,Life Sciences,No,5
53,1,730,Male,Married,Y,No,3,80,Research & Development,Travel_Rarely,Research Director,4,4,32,5,1,1,3,3,970,59,13514,14814,19,0,3,3,3,3,3,3,Life Sciences,No,7
41,1,731,Male,Divorced,Y,No,3,80,Human Resources,Travel_Rarely,Manager,5,2,23,21,6,12,6,2,427,73,8861,19141,15,3,2,4,2,2,3,4,Human Resources,No,10
60,1,732,Male,Single,Y,No,8,80,Sales,Travel_Rarely,Sales Executive,2,3,10,2,2,2,2,1,1179,84,11924,5405,14,0,1,1,4,3,3,4,Marketing,No,16
27,1,733,Male,Divorced,Y,No,1,80,Research & Development,Travel_Frequently,Manufacturing Director,3,3,9,9,7,1,7,4,294,32,4809,8793,21,2,4,1,3,2,4,2,Life Sciences,No,10
41,1,734,Male,Married,Y,No,1,80,Human Resources,Travel_Rarely,Manager,5,2,22,22,7,2,10,3,314,59,19562,19189,12,1,4,3,2,3,3,3,Human Resources,No,1
50,1,738,Male,Married,Y,No,7,80,Sales,Travel_Rarely,Sales Representative,1,3,4,2,2,2,2,2,316,54,9983,3875,15,1,4,2,4,3,3,4,Marketing,No,8
28,1,741,Female,Single,Y,Yes,7,80,Research & Development,Travel_Rarely,Research Scientist,1,1,10,7,7,3,7,4,654,67,3872,2216,13,0,1,2,4,3,3,2,Life Sciences,Yes,1
36,1,742,Female,Married,Y,No,9,80,Research & Development,Non-Travel,Research Director,3,4,10,8,7,0,5,2,427,63,20335,11713,14,1,1,1,1,3,3,3,Life Sciences,No,8
38,1,743,Female,Single,Y,Yes,4,80,Research & Development,Travel_Rarely,Manufacturing Director,3,3,10,1,0,0,0,4,168,81,15397,7861,14,0,3,3,4,4,3,3,Life Sciences,No,1
44,1,744,Male,Single,Y,No,2,80,Research & Development,Non-Travel,Laboratory Technician,1,1,9,5,2,1,4,5,381,49,2104,3708,14,0,1,3,3,3,3,3,Medical,No,24
47,1,746,Female,Divorced,Y,Yes,9,80,Sales,Travel_Frequently,Sales Executive,4,3,28,22,2,11,13,2,217,49,10225,13770,12,2,4,3,4,2,3,3,Medical,No,3
30,1,747,Male,Divorced,Y,No,7,80,Sales,Travel_Rarely,Sales Executive,2,3,10,8,7,7,7,2,501,99,25275,5304,23,1,3,4,4,2,4,5,Marketing,No,27
29,1,749,Male,Single,Y,No,1,80,Sales,Travel_Rarely,Sales Representative,1,3,1,1,0,0,0,6,1396,99,2755,2642,11,0,3,3,3,3,3,3,Life Sciences,No,10
42,1,752,Male,Divorced,Y,Yes,6,80,Research & Development,Travel_Frequently,Research Scientist,1,4,7,2,2,2,2,2,933,57,20366,2759,12,0,3,3,4,3,3,3,Medical,Yes,19
43,1,754,Male,Married,Y,No,3,80,Sales,Travel_Frequently,Sales Executive,2,2,7,2,2,2,2,5,775,47,23683,6804,18,1,4,4,3,3,3,3,Life Sciences,No,15
34,1,757,Female,Single,Y,No,3,80,Research & Development,Travel_Rarely,Healthcare Representative,2,3,10,5,1,4,3,2,970,96,7360,6142,11,0,2,3,4,3,3,2,Medical,No,8
23,1,758,Male,Married,Y,No,1,80,Research & Development,Travel_Rarely,Laboratory Technician,1,3,5,4,3,0,2,2,650,37,4344,2500,14,1,2,1,4,4,3,1,Medical,No,9
39,1,760,Female,Married,Y,No,9,80,Human Resources,Travel_Rarely,Human Resources,2,4,12,8,3,3,6,3,141,44,18767,6389,15,1,3,2,3,1,3,3,Human Resources,No,3
56,1,762,Male,Married,Y,No,7,80,Research & Development,Travel_Rarely,Healthcare Representative,4,3,30,10,7,1,1,1,832,81,20420,11103,11,0,3,4,3,2,3,3,Medical,No,9
40,1,763,Female,Single,Y,Yes,0,80,Research & Development,Travel_Rarely,Research Scientist,1,2,5,4,2,2,3,2,804,86,22929,2342,20,0,4,4,4,2,4,1,Medical,No,2
27,1,764,Female,Single,Y,No,8,80,Research & Development,Travel_Rarely,Healthcare Representative,2,2,9,7,6,0,7,2,975,55,23398,6811,19,0,4,1,1,1,3,3,Medical,No,7
29,1,766,Male,Divorced,Y,No,1,80,Sales,Travel_Rarely,Sales Representative,1,3,2,2,2,2,2,2,1090,83,17967,2297,14,2,4,2,4,3,3,3,Marketing,No,10
53,1,769,Male,Single,Y,No,2,80,Research & Development,Travel_Rarely,Laboratory Technician,2,3,19,2,2,2,2,4,346,86,10919,2450,17,0,4,4,4,3,3,3,Life Sciences,No,6
35,1,771,Female,Divorced,Y,No,2,80,Research & Development,Non-Travel,Healthcare Representative,2,3,16,1,0,0,0,2,1225,61,4761,5093,11,1,4,1,1,4,3,4,Life Sciences,No,2
32,1,772,Male,Married,Y,No,1,80,Research & Development,Travel_Frequently,Laboratory Technician,2,3,10,10,8,4,7,2,430,80,21146,5309,15,2,1,4,4,3,3,4,Life Sciences,No,24
38,1,773,Male,Married,Y,Yes,6,80,Research & Development,Travel_Rarely,Research Scientist,1,3,6,1,0,0,1,0,268,92,20471,3057,13,1,4,3,2,1,3,5,Medical,No,2
34,1,775,Female,Divorced,Y,No,3,80,Research & Development,Travel_Rarely,Manufacturing Director,2,3,7,0,0,0,0,3,167,32,4187,5121,14,1,2,1,3,3,3,5,Life Sciences,No,8
52,1,776,Male,Married,Y,No,1,80,Sales,Travel_Rarely,Manager,4,2,34,34,6,1,16,3,621,31,10084,16856,11,0,3,1,1,4,3,4,Marketing,No,3
33,1,780,Male,Single,Y,Yes,1,80,Research & Development,Travel_Rarely,Research Scientist,1,3,10,10,9,7,8,2,527,63,5207,2686,13,0,4,4,3,2,3,4,Other,Yes,1
25,1,781,Female,Single,Y,No,1,80,Sales,Travel_Rarely,Sales Executive,2,3,6,6,5,1,4,5,883,32,22807,6180,23,0,3,4,2,2,4,1,Medical,No,26
45,1,783,Male,Single,Y,No,0,80,Sales,Travel_Rarely,Sales Representative,2,1,9,8,7,3,1,3,954,46,12388,6632,13,0,2,3,1,3,3,2,Technical Degree,No,2
23,1,784,Male,Single,Y,No,1,80,Research & Development,Travel_Rarely,Research Scientist,1,4,2,2,2,0,2,3,310,79,19630,3505,18,0,1,3,4,3,3,1,Medical,No,10
47,1,785,Female,Single,Y,Yes,4,80,Sales,Travel_Frequently,Sales Executive,2,4,8,5,4,1,3,2,719,77,10339,6397,12,0,2,3,4,3,3,2,Life Sciences,Yes,27
34,1,786,Male,Single,Y,No,1,80,Sales,Travel_Rarely,Sales Executive,2,3,6,6,5,1,4,5,304,60,18686,6274,22,0,4,4,3,3,4,3,Other,No,2
55,1,787,Male,Married,Y,Yes,5,80,Research & Development,Travel_Rarely,Manager,5,3,24,5,2,1,4,2,725,78,21199,19859,13,1,4,1,4,3,3,3,Medical,Yes,2
36,1,789,Male,Single,Y,No,1,80,Sales,Non-Travel,Sales Executive,3,2,10,10,7,0,9,1,1434,76,14229,7587,15,0,1,1,2,3,3,4,Life Sciences,No,8
52,1,791,Male,Married,Y,No,0,80,Research & Development,Non-Travel,Research Scientist,1,3,5,4,3,1,2,3,715,41,26589,4258,18,1,4,4,1,3,3,4,Medical,No,19
26,1,792,Female,Divorced,Y,No,3,80,Research & Development,Travel_Frequently,Laboratory Technician,1,1,5,2,2,2,0,2,575,71,5288,4364,14,1,1,4,1,3,3,2,Life Sciences,No,1
29,1,793,Female,Married,Y,No,4,80,Research & Development,Travel_Rarely,Healthcare Representative,2,3,11,8,7,1,1,3,657,66,25549,4335,12,1,2,3,1,2,3,3,Medical,No,27
26,1,796,Male,Single,Y,No,6,80,Sales,Travel_Rarely,Sales Executive,2,2,6,4,3,1,2,2,1146,38,3064,5326,17,0,4,1,3,2,3,3,Technical Degree,Yes,8
34,1,797,Female,Single,Y,No,2,80,Research & Development,Travel_Rarely,Research Scientist,1,4,10,4,2,1,3,2,182,72,13551,3280,16,0,2,4,3,3,3,4,Life Sciences,No,1
54,1,799,Female,Divorced,Y,Yes,9,80,Research & Development,Travel_Rarely,Manufacturing Director,2,3,9,5,3,1,4,4,376,95,22670,5485,11,2,4,1,2,3,3,4,Medical,No,19
27,1,800,Male,Married,Y,No,0,80,Sales,Travel_Frequently,Sales Executive,2,3,5,4,2,1,1,3,829,84,24008,4342,19,1,3,4,2,3,3,1,Marketing,No,8
37,1,802,Female,Divorced,Y,Yes,0,80,Research & Development,Travel_Rarely,Research Scientist,1,3,6,5,3,4,3,3,571,82,19905,2782,13,2,4,1,2,2,3,1,Life Sciences,No,10
38,1,803,Female,Single,Y,Yes,6,80,Research & Development,Travel_Frequently,Manufacturing Director,2,4,17,15,7,4,12,2,240,75,26085,5980,12,0,1,1,4,3,3,4,Life Sciences,No,2
34,1,804,Female,Single,Y,No,1,80,Research & Development,Travel_Rarely,Research Scientist,1,2,6,6,5,1,3,3,121,86,7530,4381,11,0,3,1,3,3,3,4,Medical,No,2
35,1,805,Female,Married,Y,No,1,80,Sales,Travel_Rarely,Sales Representative,1,3,3,3,2,0,2,1,384,72,20317,2572,16,1,1,4,2,2,3,4,Life Sciences,No,8
30,1,806,Male,Married,Y,No,3,80,Research & Development,Travel_Rarely,Laboratory Technician,1,1,7,2,2,0,2,2,921,38,24375,3833,21,2,4,3,3,3,4,3,Life Sciences,No,1
40,1,807,Female,Married,Y,No,1,80,Research & Development,Travel_Frequently,Healthcare Representative,2,4,8,8,7,3,7,2,791,38,9931,4244,24,1,3,2,4,3,4,2,Medical,No,2
34,1,808,Female,Married,Y,No,5,80,Sales,Travel_Rarely,Sales Executive,2,3,6,3,2,1,2,1,1111,93,13305,6500,17,1,3,1,2,3,3,2,Life Sciences,No,8
42,1,809,Male,Divorced,Y,No,1,80,Research & Development,Travel_Frequently,Manager,5,3,24,24,7,14,9,4,570,66,16225,18430,13,1,2,4,2,2,3,3,Life Sciences,No,8
23,1,811,Male,Married,Y,Yes,1,80,Research & Development,Travel_Rarely,Laboratory Technician,1,4,1,0,0,0,0,2,1243,63,3445,1601,21,2,3,1,3,3,4,3,Life Sciences,Yes,6
24,1,812,Male,Divorced,Y,No,1,80,Research & Development,Non-Travel,Laboratory Technician,1,2,1,1,0,0,0,4,1092,60,26551,2694,11,3,3,2,3,3,3,3,Life Sciences,No,9
52,1,813,Female,Married,Y,No,8,80,Research & Development,Travel_Rarely,Laboratory Technician,2,3,9,5,2,1,4,3,1325,82,21821,3149,20,1,4,3,2,3,4,4,Life Sciences,No,11
50,1,815,Male,Married,Y,No,5,80,Research & Development,Travel_Rarely,Research Director,4,3,30,4,3,0,3,3,691,64,6881,17639,16,0,3,3,4,3,3,3,Medical,No,2
29,1,816,Female,Married,Y,Yes,1,80,Research & Development,Travel_Rarely,Laboratory Technician,1,2,1,1,0,0,0,1,805,36,6689,2319,11,1,2,1,4,3,3,2,Life Sciences,Yes,1
33,1,817,Male,Married,Y,No,0,80,Research & Development,Travel_Rarely,Research Director,3,3,14,13,9,3,7,3,213,49,25995,11691,11,0,3,3,4,4,3,3,Medical,No,7
33,1,819,Female,Single,Y,No,5,80,Sales,Travel_Rarely,Sales Executive,2,3,6,3,2,0,2,3,118,69,26507,5324,15,0,1,1,3,3,3,3,Marketing,Yes,16
47,1,820,Female,Married,Y,Yes,1,80,Research & Development,Travel_Rarely,Manager,4,3,26,26,14,3,0,3,202,33,12982,16752,11,1,3,4,3,2,3,2,Other,No,2
36,1,823,Female,Married,Y,No,0,80,Research & Development,Travel_Rarely,Manufacturing Director,2,3,10,9,7,0,5,2,676,35,23361,5228,15,1,3,2,1,3,3,3,Other,No,1
29,1,824,Male,Married,Y,No,1,80,Research & Development,Travel_Rarely,Research Scientist,1,4,10,10,7,0,7,3,1252,81,23779,2700,24,1,3,3,3,3,4,2,Life Sciences,No,23
58,1,825,Male,Single,Y,Yes,7,80,Research & Development,Travel_Rarely,Research Director,5,3,40,31,15,13,8,2,286,31,25761,19246,12,0,4,2,4,3,3,4,Life Sciences,Yes,2
35,1,826,Female,Single,Y,No,3,80,Research & Development,Travel_Rarely,Research Scientist,1,4,7,2,2,2,2,0,1258,40,13301,2506,13,0,4,3,3,3,3,4,Life Sciences,No,1
42,1,827,Female,Married,Y,Yes,9,80,Research & Development,Travel_Rarely,Manufacturing Director,2,2,8,4,3,0,2,4,932,43,4051,6062,13,1,4,4,4,3,3,2,Life Sciences,No,1
28,1,828,Male,Single,Y,No,6,80,Research & Development,Travel_Rarely,Research Scientist,1,3,5,2,2,2,1,3,890,46,16374,4382,17,0,3,3,4,2,3,4,Medical,Yes,2
36,1,829,Male,Married,Y,No,4,80,Human Resources,Travel_Rarely,Human Resources,1,3,8,5,2,0,4,2,1041,36,25527,2143,13,1,3,2,2,3,3,3,Human Resources,No,13
32,1,830,Female,Married,Y,No,1,80,Research & Development,Travel_Rarely,Manufacturing Director,2,2,14,14,13,6,8,3,859,98,19124,6162,12,1,3,3,3,3,3,3,Life Sciences,No,4
40,1,832,Male,Single,Y,No,6,80,Research & Development,Travel_Frequently,Laboratory Technician,2,2,10,1,0,0,0,6,720,51,11983,5094,14,0,1,3,4,3,3,4,Medical,No,16
30,1,833,Female,Single,Y,Yes,5,80,Research & Development,Travel_Rarely,Manufacturing Director,2,2,12,0,0,0,0,4,946,52,20234,6877,24,0,3,4,2,2,4,3,Medical,No,2
45,1,834,Female,Single,Y,No,1,80,Research & Development,Travel_Rarely,Research Scientist,1,2,1,1,0,0,0,3,252,95,6153,2274,14,0,2,3,4,3,3,3,Life Sciences,No,2
42,1,836,Male,Married,Y,No,1,80,Research & Development,Travel_Rarely,Manufacturing Director,2,3,10,9,8,7,8,3,933,98,11806,4434,13,1,2,2,4,2,3,3,Life Sciences,No,29
38,1,837,Male,Divorced,Y,No,2,80,Research & Development,Travel_Frequently,Healthcare Representative,2,2,13,4,3,1,2,3,471,45,4284,6288,15,1,1,1,3,2,3,3,Life Sciences,No,12
34,1,838,Female,Single,Y,No,1,80,Research & Development,Travel_Frequently,Research Scientist,1,2,6,5,2,1,3,3,702,100,8306,2553,16,0,3,4,3,3,3,4,Life Sciences,No,16
49,1,840,Female,Married,Y,No,1,80,Sales,Travel_Rarely,Sales Executive,3,3,9,9,8,7,7,3,1184,43,5860,7654,18,2,3,4,1,4,3,3,Marketing,Yes,11
55,1,842,Male,Single,Y,No,4,80,Sales,Travel_Rarely,Sales Executive,2,3,12,9,7,7,3,3,436,37,21519,5160,16,0,3,4,3,2,3,1,Medical,Yes,2
43,1,843,Male,Married,Y,No,6,80,Research & Development,Travel_Rarely,Research Director,4,3,22,4,1,1,0,3,589,94,5200,17159,24,1,2,1,3,3,4,2,Life Sciences,No,14
27,1,844,Male,Divorced,Y,Yes,1,80,Research & Development,Travel_Rarely,Research Director,3,2,9,9,8,0,8,3,269,42,8842,12808,16,1,3,4,2,3,3,1,Technical Degree,No,5
35,1,845,Male,Single,Y,No,3,80,Research & Development,Travel_Rarely,Manufacturing Director,3,3,17,8,5,1,6,3,950,59,18869,10221,21,0,3,3,2,4,4,3,Other,No,7
28,1,846,Female,Married,Y,Yes,1,80,Sales,Travel_Rarely,Sales Executive,2,3,8,8,7,7,5,2,760,81,3698,4779,20,0,2,2,1,3,4,4,Marketing,No,2
34,1,847,Male,Married,Y,No,0,80,Human Resources,Travel_Rarely,Human Resources,1,3,4,3,2,0,2,1,829,88,2243,3737,19,1,3,4,3,1,3,2,Human Resources,No,3
26,1,848,Female,Married,Y,Yes,1,80,Research & Development,Travel_Frequently,Research Scientist,1,2,8,8,7,1,7,2,887,88,20898,2366,14,1,3,3,1,3,3,2,Medical,Yes,5
27,1,850,Male,Married,Y,No,1,80,Research & Development,Non-Travel,Research Scientist,1,3,0,0,0,0,0,6,443,50,16571,1706,11,3,4,4,3,2,3,3,Medical,No,3
51,1,851,Female,Married,Y,No,2,80,Sales,Travel_Rarely,Manager,4,3,29,20,6,4,17,2,1318,66,5594,16307,14,1,1,3,3,2,3,4,Marketing,No,26
44,1,852,Male,Single,Y,No,9,80,Research & Development,Travel_Rarely,Healthcare Representative,2,3,10,5,2,2,3,2,625,50,5197,5933,12,0,4,2,4,2,3,3,Medical,No,4
25,1,854,Male,Single,Y,No,7,80,Research & Development,Travel_Rarely,Research Scientist,1,4,6,4,3,0,1,3,180,65,21632,3424,13,0,1,1,3,2,3,1,Medical,No,2
33,1,855,Male,Divorced,Y,No,1,80,Sales,Travel_Rarely,Sales Executive,2,4,9,9,8,0,8,5,586,48,21816,4037,22,1,1,1,1,3,4,3,Medical,No,1
35,1,856,Female,Single,Y,No,1,80,Research & Development,Travel_Rarely,Research Scientist,1,2,6,6,5,1,1,3,1343,53,17852,2559,11,0,3,1,4,2,3,1,Medical,No,27
36,1,857,Male,Married,Y,Yes,1,80,Sales,Travel_Rarely,Sales Executive,2,3,18,18,14,4,11,1,928,56,2823,6201,14,1,2,4,4,2,3,2,Life Sciences,No,1
32,1,859,Male,Divorced,Y,No,2,80,Sales,Travel_Rarely,Sales Executive,2,3,8,5,2,0,3,3,117,73,9250,4403,11,1,2,4,3,2,3,4,Life Sciences,No,13
30,1,861,Male,Divorced,Y,No,9,80,Research & Development,Travel_Frequently,Research Scientist,1,2,10,5,4,0,3,3,1012,75,2373,3761,12,1,2,4,2,2,3,4,Life Sciences,No,5
53,1,862,Female,Married,Y,Yes,7,80,Sales,Travel_Rarely,Sales Executive,3,2,35,5,2,0,4,3,661,78,20715,10934,18,1,1,4,4,3,3,2,Marketing,No,7
45,1,864,Male,Divorced,Y,Yes,4,80,Sales,Travel_Rarely,Sales Executive,3,3,18,5,4,0,2,2,930,74,19239,10761,12,1,4,1,3,3,3,3,Marketing,No,9
32,1,865,Female,Married,Y,No,5,80,Research & Development,Travel_Rarely,Research Scientist,2,4,9,5,3,1,3,3,638,91,22162,5175,12,1,3,3,3,2,3,2,Medical,No,8
52,1,867,Female,Married,Y,No,3,80,Research & Development,Travel_Frequently,Manufacturing Director,4,2,31,9,8,0,0,3,890,81,19028,13826,22,0,3,4,3,3,4,4,Medical,No,25
37,1,868,Male,Divorced,Y,No,4,80,Sales,Travel_Rarely,Sales Executive,2,2,9,1,0,0,0,2,342,66,24558,6334,19,2,4,3,4,3,3,4,Marketing,No,16
28,1,869,Male,Divorced,Y,No,1,80,Human Resources,Travel_Rarely,Human Resources,1,2,6,5,1,0,4,6,1169,63,23965,4936,13,1,2,4,4,3,3,2,Medical,No,8
22,1,872,Male,Married,Y,No,6,80,Research & Development,Travel_Rarely,Manufacturing Director,2,2,4,2,2,2,2,2,1230,33,19146,4775,22,2,4,4,1,1,4,2,Life Sciences,No,1
44,1,874,Male,Married,Y,Yes,2,80,Research & Development,Travel_Rarely,Laboratory Technician,1,4,10,3,2,0,2,2,986,62,5044,2818,24,1,1,4,3,2,4,4,Life Sciences,No,8
42,1,875,Male,Single,Y,Yes,5,80,Research & Development,Travel_Frequently,Research Scientist,1,3,8,2,1,2,2,2,1271,35,9068,2515,14,0,2,4,4,3,3,1,Medical,No,2
36,1,878,Male,Married,Y,No,0,80,Human Resources,Travel_Rarely,Human Resources,1,2,6,5,4,0,3,3,1278,77,8635,2342,21,0,1,1,3,3,4,3,Life Sciences,No,8
25,1,879,Male,Married,Y,Yes,1,80,Sales,Travel_Rarely,Sales Executive,2,3,5,5,3,0,3,3,141,98,14363,4194,18,0,3,1,4,3,3,1,Other,No,3
35,1,880,Female,Married,Y,Yes,1,80,Research & Development,Travel_Rarely,Manufacturing Director,3,2,17,17,14,5,15,2,607,66,23457,10685,20,1,4,3,2,3,4,3,Life Sciences,No,9
35,1,881,Female,Divorced,Y,Yes,1,80,Research & Development,Travel_Frequently,Research Scientist,1,3,10,10,2,7,8,3,130,96,16612,2022,19,1,4,2,1,2,3,4,Life Sciences,Yes,25
32,1,882,Male,Divorced,Y,No,0,80,Research & Development,Non-Travel,Laboratory Technician,1,3,4,3,0,0,2,2,300,61,9148,2314,12,1,4,4,2,3,3,3,Life Sciences,No,1
25,1,885,Male,Married,Y,No,1,80,Sales,Travel_Rarely,Sales Executive,2,2,5,5,2,0,3,1,583,87,18154,4256,12,0,3,1,1,4,3,1,Marketing,No,4
49,1,887,Female,Married,Y,No,2,80,Research & Development,Travel_Rarely,Research Scientist,1,3,7,4,2,0,2,2,1418,36,10554,3580,16,1,3,1,2,3,3,3,Technical Degree,No,1
24,1,888,Male,Married,Y,No,0,80,Research & Development,Non-Travel,Laboratory Technician,1,2,6,5,2,3,4,2,1269,46,10778,3162,17,0,1,4,4,2,3,1,Life Sciences,No,4
32,1,889,Male,Married,Y,No,1,80,Sales,Travel_Frequently,Sales Executive,2,3,10,10,8,5,3,3,379,48,8891,6524,14,1,2,2,4,3,3,2,Life Sciences,No,5
38,1,893,Male,Married,Y,No,0,80,Sales,Travel_Rarely,Sales Representative,1,2,3,2,2,1,2,3,395,98,12102,2899,19,1,2,2,4,3,3,3,Marketing,No,9
42,1,894,Female,Married,Y,Yes,2,80,Research & Development,Travel_Rarely,Laboratory Technician,2,4,17,5,3,1,3,1,1265,95,23726,5231,13,1,3,4,2,2,3,3,Life Sciences,No,3
31,1,895,Male,Married,Y,Yes,3,80,Research & Development,Travel_Rarely,Research Scientist,1,3,8,6,4,0,2,2,1222,48,14871,2356,19,1,4,4,2,3,3,4,Life Sciences,No,11
29,1,896,Female,Divorced,Y,Yes,6,80,Sales,Travel_Rarely,Sales Representative,1,2,5,3,2,0,2,3,341,48,23522,2800,19,3,2,3,3,3,3,3,Medical,Yes,1
53,1,897,Male,Married,Y,No,5,80,Sales,Travel_Rarely,Sales Executive,4,3,28,2,0,2,2,3,868,73,22789,11836,14,1,1,4,3,3,3,3,Marketing,No,8
35,1,899,Male,Married,Y,No,3,80,Research & Development,Travel_Rarely,Manufacturing Director,3,2,16,13,10,4,8,2,672,78,9129,10903,16,0,4,2,1,3,3,3,Technical Degree,No,25
37,1,900,Female,Married,Y,No,5,80,Sales,Travel_Frequently,Sales Representative,1,3,10,5,4,0,0,3,1231,54,21222,2973,15,1,3,4,2,3,3,2,Medical,No,21
53,1,901,Female,Single,Y,No,6,80,Research & Development,Travel_Rarely,Research Director,4,3,33,12,9,3,8,0,102,72,20206,14275,18,0,4,4,3,3,3,4,Life Sciences,No,23
43,1,902,Female,Married,Y,No,4,80,Research & Development,Travel_Frequently,Healthcare Representative,2,3,12,5,2,2,2,2,422,33,21782,5562,13,1,4,4,2,2,3,3,Life Sciences,No,1
47,1,903,Female,Married,Y,Yes,0,80,Sales,Travel_Rarely,Sales Executive,2,3,8,7,6,7,7,2,249,35,17783,4537,22,1,3,4,1,3,4,2,Marketing,No,2
37,1,904,Male,Single,Y,Yes,1,80,Sales,Non-Travel,Sales Executive,3,3,10,10,0,0,9,2,1252,32,4814,7642,13,0,1,2,4,3,3,2,Medical,No,19
50,1,905,Male,Divorced,Y,No,1,80,Research & Development,Non-Travel,Manager,4,3,31,31,6,14,7,3,881,98,4544,17924,11,1,1,1,4,3,3,4,Life Sciences,No,2
39,1,909,Female,Married,Y,No,8,80,Human Resources,Travel_Rarely,Human Resources,2,2,13,5,4,0,4,2,1383,42,7790,5204,11,2,4,4,3,3,3,3,Life Sciences,No,2
33,1,910,Male,Divorced,Y,Yes,3,80,Human Resources,Travel_Rarely,Human Resources,1,3,7,4,3,0,3,4,1075,57,22650,2277,11,1,4,2,3,4,3,2,Human Resources,No,3
32,1,911,Male,Single,Y,Yes,1,80,Research & Development,Travel_Rarely,Laboratory Technician,1,3,1,1,0,0,1,2,374,87,18016,2795,24,0,1,4,3,1,4,4,Life Sciences,Yes,25
29,1,912,Female,Divorced,Y,No,6,80,Research & Development,Travel_Rarely,Laboratory Technician,1,2,8,4,3,0,3,5,1086,62,6054,2532,14,3,1,4,3,3,3,1,Medical,No,7
44,1,913,Male,Married,Y,Yes,1,80,Research & Development,Travel_Rarely,Research Scientist,1,3,8,8,7,7,1,0,661,61,7508,2559,13,0,2,1,4,3,3,2,Life Sciences,No,9
28,1,916,Male,Single,Y,No,1,80,Sales,Travel_Rarely,Sales Executive,2,3,4,4,2,0,2,3,821,98,24252,4908,14,0,1,4,2,3,3,4,Medical,No,5
58,1,918,Male,Divorced,Y,Yes,9,80,Research & Development,Travel_Frequently,Laboratory Technician,1,2,3,1,0,0,0,3,781,57,13384,2380,14,1,4,4,4,2,3,1,Life Sciences,Yes,2
43,1,920,Female,Divorced,Y,No,4,80,Research & Development,Travel_Rarely,Manufacturing Director,2,3,4,1,0,0,0,2,177,55,23814,4765,21,1,1,2,3,4,4,3,Life Sciences,No,8
20,1,922,Female,Single,Y,No,1,80,Sales,Travel_Rarely,Sales Representative,1,2,2,2,2,0,2,3,500,49,22052,2044,13,0,3,3,4,2,3,3,Medical,Yes,2
21,1,923,Female,Single,Y,No,1,80,Research & Development,Travel_Rarely,Research Scientist,1,3,1,1,0,0,0,3,1427,65,8870,2693,19,0,4,4,1,2,3,1,Other,Yes,18
36,1,924,Male,Married,Y,Yes,0,80,Research & Development,Travel_Rarely,Healthcare Representative,2,3,17,16,8,4,11,2,1425,68,4821,6586,17,1,3,4,1,2,3,1,Life Sciences,No,14
47,1,925,Female,Single,Y,Yes,1,80,Sales,Travel_Rarely,Sales Representative,1,2,3,3,2,1,2,3,1454,65,13137,3294,18,0,4,4,1,2,3,4,Life Sciences,No,2
22,1,926,Female,Married,Y,Yes,0,80,Research & Development,Travel_Rarely,Manufacturing Director,2,3,4,3,2,0,2,3,617,34,10022,4171,19,1,2,3,1,4,3,1,Life Sciences,Yes,3
41,1,927,Female,Divorced,Y,Yes,4,80,Research & Development,Travel_Rarely,Laboratory Technician,1,1,10,7,7,1,0,1,1085,57,17725,2778,13,1,2,4,3,2,3,4,Life Sciences,Yes,2
28,1,930,Female,Divorced,Y,No,5,80,Research & Development,Travel_Rarely,Research Scientist,1,3,6,2,2,2,2,2,995,77,9834,2377,18,1,3,3,2,3,3,3,Medical,No,9
39,1,932,Male,Married,Y,Yes,7,80,Research & Development,Travel_Rarely,Laboratory Technician,1,3,8,2,2,2,2,2,1122,70,4303,2404,21,0,4,1,4,1,4,3,Medical,Yes,6
27,1,933,Female,Single,Y,No,1,80,Research & Development,Travel_Rarely,Research Scientist,1,3,1,1,1,0,0,2,618,76,17808,2318,19,0,2,3,3,3,3,3,Life Sciences,No,4
34,1,934,Male,Divorced,Y,No,1,80,Research & Development,Travel_Rarely,Laboratory Technician,1,3,1,1,0,1,0,3,546,83,6896,2008,14,2,2,2,2,3,3,3,Life Sciences,No,10
42,1,936,Female,Single,Y,No,7,80,Sales,Travel_Rarely,Sales Executive,2,2,10,5,4,0,3,6,462,68,7824,6244,17,0,3,3,1,3,3,2,Medical,No,14
33,1,939,Male,Single,Y,Yes,3,80,Research & Development,Travel_Rarely,Research Scientist,1,2,6,3,2,0,2,1,1198,100,3339,2799,11,0,3,1,2,3,3,4,Other,No,1
58,1,940,Female,Divorced,Y,Yes,2,80,Research & Development,Travel_Rarely,Healthcare Representative,3,2,24,6,0,0,4,3,1272,37,9255,10552,13,1,3,2,4,3,3,3,Technical Degree,No,5
31,1,941,Male,Married,Y,No,3,80,Sales,Travel_Rarely,Sales Representative,1,2,13,7,7,5,2,2,154,41,11737,2329,15,0,2,3,2,4,3,4,Life Sciences,No,7
35,1,942,Female,Married,Y,Yes,1,80,Research & Development,Travel_Rarely,Healthcare Representative,2,3,10,10,6,0,7,2,1137,51,19170,4014,25,1,4,4,4,1,4,1,Life Sciences,No,21
49,1,944,Female,Married,Y,No,4,80,Research & Development,Travel_Rarely,Laboratory Technician,3,3,29,26,9,1,7,3,527,51,22477,7403,11,1,1,2,3,2,3,2,Other,No,8
48,1,945,Male,Married,Y,No,4,80,Research & Development,Travel_Rarely,Research Scientist,1,3,13,0,0,0,0,2,1469,51,5543,2259,17,2,4,3,1,2,3,4,Medical,No,20
31,1,947,Female,Married,Y,No,1,80,Sales,Non-Travel,Sales Executive,2,3,9,9,8,0,0,2,1188,45,24406,6932,13,1,4,3,4,2,3,2,Marketing,No,20
36,1,949,Male,Single,Y,No,2,80,Research & Development,Travel_Rarely,Research Scientist,1,3,8,6,2,0,1,6,188,65,23293,4678,18,0,2,4,3,3,3,4,Other,No,7
38,1,950,Female,Married,Y,No,1,80,Research & Development,Travel_Rarely,Research Director,3,3,15,15,12,5,11,3,1333,80,16292,13582,13,1,4,1,2,3,3,3,Technical Degree,No,1
32,1,951,Female,Married,Y,No,6,80,Research & Development,Non-Travel,Laboratory Technician,1,2,5,3,0,0,2,3,1184,70,3974,2332,20,0,3,2,3,3,4,3,Life Sciences,No,1
25,1,952,Male,Married,Y,Yes,1,80,Sales,Travel_Rarely,Sales Representative,1,2,1,1,0,0,0,2,867,36,18798,2413,18,3,3,2,3,3,3,2,Marketing,Yes,19
40,1,954,Male,Divorced,Y,No,2,80,Sales,Travel_Rarely,Sales Executive,3,2,11,1,0,0,0,2,658,67,20652,9705,12,1,1,2,2,2,3,4,Marketing,No,10
26,1,956,Male,Single,Y,No,1,80,Sales,Travel_Frequently,Sales Executive,2,2,7,7,7,0,7,2,1283,52,11148,4294,12,0,3,1,2,3,3,3,Medical,No,1
41,1,957,Male,Single,Y,Yes,2,80,Research & Development,Travel_Rarely,Laboratory Technician,1,3,20,18,13,2,17,3,263,59,3119,4721,13,0,4,1,3,3,3,3,Medical,No,6
36,1,958,Male,Single,Y,No,4,80,Research & Development,Travel_Rarely,Laboratory Technician,1,3,16,11,8,3,9,6,938,79,12287,2519,21,0,3,3,3,3,4,4,Medical,No,2
19,1,959,Male,Single,Y,Yes,1,80,Sales,Travel_Rarely,Sales Representative,1,2,1,1,0,0,0,3,419,37,9947,2121,13,0,4,2,2,4,3,3,Other,Yes,21
20,1,960,Male,Single,Y,No,1,80,Research & Development,Travel_Rarely,Laboratory Technician,1,3,1,1,0,0,0,2,129,84,13008,2973,19,0,1,1,2,3,3,3,Technical Degree,Yes,4
31,1,961,Female,Married,Y,Yes,0,80,Research & Development,Travel_Rarely,Healthcare Representative,2,3,10,9,7,8,5,2,616,41,17369,5855,11,2,4,4,3,1,3,3,Medical,No,12
40,1,964,Male,Divorced,Y,Yes,8,80,Research & Development,Travel_Frequently,Research Scientist,1,3,3,1,1,0,0,2,1469,35,25063,3617,14,1,4,2,4,3,3,4,Medical,No,9
32,1,966,Female,Married,Y,No,1,80,Research & Development,Travel_Rarely,Manufacturing Director,2,3,8,8,7,6,3,2,498,93,13554,6725,12,1,3,1,3,4,3,4,Medical,No,3
36,1,967,Male,Married,Y,Yes,1,80,Sales,Travel_Rarely,Sales Executive,3,2,16,16,7,3,7,6,530,51,5518,10325,11,1,3,4,1,3,3,1,Life Sciences,Yes,3
33,1,969,Female,Single,Y,No,0,80,Research & Development,Travel_Rarely,Healthcare Representative,2,2,6,5,0,1,4,3,1069,42,12291,6949,14,0,2,4,1,3,3,3,Life Sciences,No,1
37,1,970,Male,Married,Y,No,5,80,Sales,Travel_Rarely,Sales Executive,3,2,17,14,1,11,7,2,625,46,14922,10609,11,0,1,3,3,1,3,4,Life Sciences,Yes,1
45,1,972,Male,Married,Y,No,1,80,Research & Development,Non-Travel,Laboratory Technician,2,3,9,9,7,0,8,5,805,57,23163,4447,12,0,3,2,2,2,3,2,Life Sciences,No,4
29,1,974,Female,Married,Y,No,1,80,Sales,Travel_Frequently,Sales Representative,1,3,3,3,1,0,2,5,1404,84,18203,2157,15,1,3,4,2,3,3,3,Technical Degree,No,20
35,1,975,Female,Married,Y,No,1,80,Sales,Travel_Rarely,Sales Executive,2,3,5,5,2,1,0,3,1219,86,6179,4601,16,0,3,3,2,3,3,3,Medical,No,18
52,1,976,Male,Married,Y,No,2,80,Research & Development,Travel_Rarely,Manager,4,3,26,9,8,7,8,2,1053,70,13829,17099,15,1,4,4,2,2,3,2,Life Sciences,No,1
58,1,977,Male,Single,Y,No,4,80,Research & Development,Travel_Rarely,Research Scientist,1,3,7,1,0,0,0,4,289,51,26227,2479,24,0,4,3,1,3,4,3,Technical Degree,Yes,2
53,1,981,Male,Divorced,Y,No,6,80,Sales,Travel_Rarely,Manager,4,3,22,17,13,15,2,3,1376,45,13938,14852,13,1,3,3,3,4,3,2,Medical,No,2
30,1,982,Male,Divorced,Y,No,5,80,Sales,Travel_Rarely,Sales Executive,3,3,10,8,4,7,7,2,231,62,9977,7264,11,1,3,3,1,4,3,2,Other,No,8
38,1,983,Female,Single,Y,Yes,1,80,Sales,Non-Travel,Sales Executive,2,3,6,5,3,1,3,1,152,85,19899,5666,13,0,3,4,2,3,3,3,Technical Degree,No,10
35,1,984,Male,Divorced,Y,No,6,80,Sales,Travel_Rarely,Sales Executive,3,3,12,10,9,0,8,2,882,92,6812,7823,13,1,4,4,2,3,3,4,Life Sciences,No,3
39,1,985,Male,Single,Y,No,0,80,Sales,Travel_Rarely,Sales Executive,3,4,9,8,7,0,7,3,903,41,2560,7880,18,0,1,3,4,3,3,5,Life Sciences,No,2
40,1,986,Female,Single,Y,Yes,4,80,Sales,Non-Travel,Sales Executive,4,4,22,1,0,0,0,2,1479,100,17071,13194,16,0,2,2,4,2,3,3,Life Sciences,Yes,24
47,1,987,Male,Divorced,Y,Yes,1,80,Research & Development,Travel_Frequently,Manufacturing Director,2,4,20,19,10,2,7,3,1379,64,6759,5067,19,0,3,3,3,4,3,4,Medical,No,16
36,1,990,Male,Divorced,Y,No,4,80,Sales,Non-Travel,Sales Executive,2,3,12,7,7,0,7,3,1229,84,25952,5079,13,2,1,4,4,3,3,4,Technical Degree,No,8
31,1,991,Male,Single,Y,Yes,0,80,Research & Development,Non-Travel,Research Scientist,1,2,4,3,2,1,2,0,335,46,10322,2321,22,0,3,1,1,3,4,2,Medical,Yes,9
33,1,992,Male,Single,Y,No,1,80,Sales,Non-Travel,Manager,4,3,10,10,8,6,0,2,722,38,20489,17444,11,0,4,3,4,3,3,3,Life Sciences,No,17
29,1,994,Female,Single,Y,Yes,6,80,Research & Development,Travel_Rarely,Research Scientist,1,2,3,0,0,0,0,5,906,92,11479,2404,20,0,4,1,3,3,4,3,Life Sciences,Yes,10
33,1,995,Female,Single,Y,No,3,80,Research & Development,Travel_Rarely,Research Scientist,1,3,5,3,2,0,2,4,461,53,17241,3452,18,0,2,4,1,3,3,1,Life Sciences,No,13
45,1,996,Female,Divorced,Y,No,3,80,Research & Development,Travel_Rarely,Laboratory Technician,1,3,8,5,3,0,2,2,974,91,11005,2270,14,2,4,4,4,3,3,4,Medical,No,1
50,1,997,Male,Divorced,Y,No,9,80,Research & Development,Travel_Rarely,Research Director,4,3,32,5,4,1,3,1,1126,66,6615,17399,22,1,4,4,3,2,4,2,Medical,No,1
33,1,998,Female,Married,Y,Yes,1,80,Research & Development,Travel_Frequently,Healthcare Representative,2,4,6,6,5,1,2,2,827,84,20161,5488,13,1,3,2,1,3,3,4,Other,No,1
41,1,999,Male,Divorced,Y,No,2,80,Research & Development,Travel_Frequently,Research Director,5,3,21,18,16,0,11,2,840,64,3735,19419,17,1,1,3,2,4,3,3,Medical,No,9
27,1,1001,Female,Married,Y,No,9,80,Research & Development,Travel_Rarely,Laboratory Technician,1,3,4,2,2,2,2,2,1134,37,12086,2811,14,1,3,2,2,3,3,4,Technical Degree,No,16
45,1,1002,Male,Married,Y,Yes,1,80,Research & Development,Non-Travel,Laboratory Technician,2,3,9,9,8,0,8,2,248,42,14039,3633,15,1,4,1,3,3,3,2,Life Sciences,No,23
47,1,1003,Female,Single,Y,Yes,1,80,Sales,Travel_Rarely,Sales Executive,2,3,9,9,0,0,7,0,955,83,8571,4163,17,0,4,4,3,3,3,2,Life Sciences,No,4
30,1,1004,Female,Married,Y,Yes,4,80,Research & Development,Travel_Rarely,Research Scientist,1,3,7,5,2,0,1,2,138,48,11539,2132,11,0,1,3,2,3,3,3,Life Sciences,Yes,22
50,1,1005,Male,Married,Y,Yes,3,80,Research & Development,Travel_Rarely,Manufacturing Director,4,3,22,12,11,1,5,2,939,95,4161,13973,18,1,4,3,4,3,3,3,Life Sciences,No,24
38,1,1006,Male,Married,Y,No,0,80,Research & Development,Travel_Frequently,Research Scientist,1,3,3,2,1,0,2,0,1391,66,12127,2684,17,1,3,3,2,2,3,1,Medical,No,10
46,1,1007,Male,Divorced,Y,No,6,80,Research & Development,Travel_Rarely,Manufacturing Director,3,3,13,8,7,0,7,3,566,75,24208,10845,13,1,4,3,2,3,3,2,Medical,No,7
24,1,1009,Female,Divorced,Y,No,1,80,Research & Development,Travel_Rarely,Manufacturing Director,2,2,5,4,2,3,2,6,1206,41,24117,4377,15,2,4,3,2,3,3,1,Medical,No,17
35,1,1010,Male,Divorced,Y,Yes,1,80,Research & Development,Travel_Rarely,Laboratory Technician,1,2,5,4,2,0,2,2,622,39,10074,3743,24,1,3,2,4,1,4,4,Other,Yes,14
31,1,1011,Female,Married,Y,No,1,80,Research & Development,Travel_Frequently,Manufacturing Director,2,3,4,4,3,0,3,1,853,96,11275,4148,12,1,3,1,3,3,3,1,Life Sciences,No,1
18,1,1012,Male,Single,Y,No,1,80,Research & Development,Non-Travel,Research Scientist,1,3,0,0,0,0,0,2,287,73,13493,1051,15,0,2,4,4,3,3,2,Life Sciences,No,5
54,1,1013,Female,Married,Y,No,8,80,Research & Development,Travel_Rarely,Manufacturing Director,3,3,22,10,7,0,8,2,1441,56,13943,10739,11,1,3,3,3,3,3,3,Technical Degree,No,17
35,1,1014,Female,Divorced,Y,Yes,1,80,Research & Development,Travel_Rarely,Healthcare Representative,3,3,16,16,10,10,1,3,583,57,6975,10388,11,1,3,3,3,2,3,4,Medical,No,25
30,1,1015,Female,Married,Y,Yes,0,80,Research & Development,Travel_Rarely,Research Director,3,4,9,8,7,1,7,4,153,73,17802,11416,12,3,2,1,3,2,3,2,Life Sciences,No,8
20,1,1016,Female,Single,Y,Yes,1,80,Research & Development,Travel_Rarely,Research Scientist,1,2,1,1,0,0,0,2,1097,98,18275,2600,15,0,4,1,1,3,3,3,Medical,Yes,11
30,1,1017,Female,Single,Y,No,0,80,Research & Development,Travel_Frequently,Laboratory Technician,1,3,4,3,2,1,2,3,109,60,25725,2422,17,0,2,2,1,3,3,3,Medical,Yes,5
26,1,1018,Male,Married,Y,No,1,80,Research & Development,Travel_Rarely,Manufacturing Director,2,4,8,8,7,1,3,2,1066,32,3334,5472,12,0,4,4,2,3,3,2,Medical,No,2
22,1,1019,Male,Married,Y,No,1,80,Research & Development,Travel_Rarely,Laboratory Technician,1,1,4,4,3,1,1,3,217,94,6881,2451,15,1,2,1,1,2,3,1,Life Sciences,No,8
48,1,1022,Male,Single,Y,No,2,80,Research & Development,Travel_Rarely,Healthcare Representative,2,2,19,2,2,2,2,0,277,97,13119,4240,13,0,1,3,4,3,3,3,Life Sciences,No,6
48,1,1024,Male,Single,Y,No,7,80,Research & Development,Travel_Rarely,Healthcare Representative,3,2,27,15,11,4,8,3,1355,78,22245,10999,14,0,3,3,2,3,3,4,Life Sciences,No,4
41,1,1025,Female,Single,Y,No,6,80,Research & Development,Travel_Rarely,Manufacturing Director,2,3,8,2,2,2,1,6,549,42,23371,5003,14,0,4,3,2,3,3,2,Medical,No,7
39,1,1026,Female,Married,Y,No,1,80,Research & Development,Travel_Rarely,Manufacturing Director,4,2,21,21,6,11,8,3,466,65,7060,12742,16,1,4,4,3,3,3,1,Life Sciences,No,1
27,1,1027,Female,Married,Y,No,0,80,Research & Development,Travel_Rarely,Manufacturing Director,2,3,4,3,2,2,2,2,1055,47,4658,4227,18,1,1,4,2,3,3,4,Life Sciences,No,2
35,1,1028,Male,Divorced,Y,No,1,80,Research & Development,Travel_Rarely,Laboratory Technician,1,3,3,3,2,1,2,4,802,45,9541,3917,20,1,2,4,1,2,4,3,Other,No,10
42,1,1029,Male,Married,Y,No,6,80,Sales,Travel_Rarely,Manager,5,3,21,1,0,0,0,3,265,90,7770,18303,13,0,4,3,2,4,3,2,Marketing,No,5
50,1,1030,Male,Married,Y,No,4,80,Research & Development,Travel_Rarely,Laboratory Technician,1,3,8,1,0,0,0,5,804,64,20165,2380,18,0,1,4,2,3,3,3,Life Sciences,No,9
59,1,1032,Female,Single,Y,Yes,3,80,Research & Development,Travel_Rarely,Manufacturing Director,4,2,30,5,3,4,3,4,715,69,21829,13726,13,0,3,4,1,3,3,3,Life Sciences,No,2
37,1,1033,Female,Married,Y,No,5,80,Research & Development,Travel_Rarely,Healthcare Representative,2,1,15,1,0,0,0,2,1141,61,14382,4777,15,0,1,2,1,1,3,2,Medical,Yes,11
55,1,1034,Male,Married,Y,Yes,3,80,Research & Development,Travel_Frequently,Healthcare Representative,2,3,17,8,7,6,7,3,135,62,12992,6385,14,2,3,2,4,3,3,4,Medical,No,18
41,1,1035,Female,Divorced,Y,No,1,80,Research & Development,Non-Travel,Research Director,5,1,21,21,16,5,10,3,247,55,20284,19973,22,2,2,3,2,3,4,1,Life Sciences,No,7
38,1,1036,Male,Single,Y,Yes,8,80,Sales,Travel_Rarely,Sales Executive,2,3,19,1,0,0,0,1,1035,42,4981,6861,12,0,2,4,3,3,3,4,Life Sciences,No,3
26,1,1037,Male,Single,Y,No,8,80,Sales,Non-Travel,Sales Executive,2,1,7,2,2,2,2,6,265,79,21813,4969,18,0,2,1,4,3,3,2,Medical,Yes,29
52,1,1038,Female,Married,Y,No,1,80,Sales,Travel_Rarely,Manager,5,1,33,32,14,6,9,3,266,57,25846,19845,15,1,1,4,4,3,3,1,Marketing,Yes,2
44,1,1039,Female,Married,Y,Yes,3,80,Sales,Travel_Rarely,Sales Executive,4,4,23,12,11,11,11,2,1448,53,11737,13320,18,1,4,4,3,3,3,3,Medical,No,28
50,1,1040,Female,Married,Y,No,0,80,Sales,Non-Travel,Sales Executive,2,3,19,18,7,0,13,3,145,95,24920,6347,12,1,4,3,1,3,3,3,Life Sciences,No,1
36,1,1042,Female,Single,Y,No,1,80,Research & Development,Travel_Rarely,Laboratory Technician,1,4,18,17,13,15,14,1,885,43,8269,2743,16,0,3,1,3,3,3,4,Life Sciences,Yes,16
39,1,1043,Female,Single,Y,Yes,1,80,Research & Development,Travel_Frequently,Manufacturing Director,3,3,21,21,6,2,8,2,945,82,5083,10880,13,0,4,1,3,3,3,3,Medical,No,22
33,1,1044,Female,Single,Y,No,0,80,Sales,Non-Travel,Sales Representative,1,2,3,2,2,2,2,2,1038,88,21437,2342,19,0,2,4,4,2,3,1,Life Sciences,No,8
45,1,1045,Female,Married,Y,No,3,80,Sales,Travel_Rarely,Manager,4,3,26,9,3,1,1,4,1234,90,5404,17650,13,1,4,4,2,4,3,2,Life Sciences,No,11
32,1,1046,Female,Single,Y,No,9,80,Research & Development,Non-Travel,Laboratory Technician,1,3,10,8,7,7,7,2,1109,69,11135,4025,12,0,4,3,2,3,3,4,Medical,No,29
34,1,1047,Male,Divorced,Y,No,0,80,Sales,Travel_Rarely,Sales Executive,2,4,16,15,1,0,9,2,216,75,12278,9725,11,1,2,4,4,2,3,4,Marketing,No,1
59,1,1048,Male,Married,Y,Yes,3,80,Sales,Travel_Rarely,Manager,3,3,14,6,4,0,4,1,1089,66,11038,11904,14,1,2,4,3,1,3,2,Technical Degree,No,1
45,1,1049,Male,Single,Y,No,1,80,Human Resources,Travel_Rarely,Human Resources,1,3,6,6,3,0,4,3,788,36,8318,2177,16,0,2,2,1,3,3,4,Medical,No,24
53,1,1050,Female,Married,Y,No,2,80,Sales,Travel_Frequently,Sales Executive,3,2,30,15,7,6,12,2,124,38,23537,7525,12,1,3,2,1,3,3,3,Marketing,No,2
36,1,1052,Male,Divorced,Y,No,7,80,Research & Development,Travel_Rarely,Laboratory Technician,2,3,9,1,0,0,0,3,660,81,7858,4834,14,1,1,3,2,2,3,3,Other,Yes,15
26,1,1053,Male,Married,Y,Yes,6,80,Research & Development,Travel_Frequently,Research Scientist,1,3,6,3,2,1,2,2,342,57,15346,2042,14,1,1,1,2,3,3,3,Life Sciences,Yes,2
34,1,1055,Female,Married,Y,Yes,1,80,Sales,Travel_Rarely,Sales Representative,1,3,1,1,1,0,0,2,1333,87,18410,2220,19,1,3,3,4,3,3,4,Life Sciences,No,10
28,1,1056,Male,Married,Y,No,1,80,Sales,Travel_Rarely,Sales Representative,1,3,1,1,0,0,0,5,1144,74,23384,1052,22,0,4,2,2,3,4,1,Medical,No,10
38,1,1060,Male,Married,Y,No,3,80,Research & Development,Travel_Frequently,Research Scientist,1,3,8,2,2,2,2,2,1186,44,2997,2821,16,1,3,3,1,3,3,4,Other,No,3
50,1,1061,Male,Married,Y,Yes,2,80,Research & Development,Travel_Rarely,Research Director,5,3,29,8,1,7,7,2,1464,62,12853,19237,11,1,2,3,4,2,3,4,Medical,No,2
37,1,1062,Female,Single,Y,No,3,80,Research & Development,Travel_Rarely,Healthcare Representative,2,3,8,4,3,0,1,3,124,35,13848,4107,15,0,4,2,1,2,3,3,Other,No,3
40,1,1066,Male,Married,Y,No,1,80,Sales,Travel_Rarely,Sales Executive,2,3,8,7,7,7,5,3,300,74,22217,8396,14,1,3,1,2,2,3,3,Marketing,No,26
26,1,1068,Female,Divorced,Y,No,1,80,Research & Development,Travel_Frequently,Research Scientist,1,2,5,5,3,1,3,5,921,66,25265,2007,13,2,1,3,3,3,3,1,Medical,No,1
46,1,1069,Male,Divorced,Y,No,9,80,Research & Development,Travel_Rarely,Research Director,5,3,23,2,2,2,2,0,430,40,21445,19627,17,2,4,4,4,3,3,4,Medical,No,1
54,1,1070,Female,Married,Y,No,6,80,Sales,Travel_Rarely,Sales Executive,3,2,13,9,4,7,0,4,1082,41,8392,10686,11,1,3,3,2,3,3,4,Life Sciences,No,2
56,1,1071,Female,Married,Y,No,2,80,Research & Development,Travel_Frequently,Research Scientist,1,3,18,5,4,0,3,4,1240,63,12154,2942,19,1,1,3,2,3,3,3,Medical,No,9
36,1,1073,Female,Single,Y,No,0,80,Research & Development,Travel_Rarely,Manufacturing Director,3,2,15,14,8,7,8,2,796,51,15669,8858,11,0,4,4,2,2,3,5,Medical,No,12
55,1,1074,Male,Single,Y,No,7,80,Research & Development,Non-Travel,Manager,4,2,31,9,7,6,2,3,444,40,17323,16756,15,0,3,1,2,4,3,1,Medical,No,2
43,1,1076,Male,Divorced,Y,No,5,80,Sales,Travel_Rarely,Sales Executive,3,2,18,1,0,0,0,5,415,79,5268,10798,13,1,3,4,3,3,3,3,Medical,No,25
20,1,1077,Female,Single,Y,Yes,1,80,Sales,Travel_Frequently,Sales Representative,1,3,2,2,2,0,2,3,769,54,17205,2323,14,0,4,4,2,3,3,3,Marketing,Yes,9
21,1,1079,Female,Single,Y,No,1,80,Research & Development,Travel_Rarely,Laboratory Technician,1,2,1,1,0,1,0,6,1334,36,17258,1416,13,0,3,1,1,2,3,3,Life Sciences,Yes,10
46,1,1080,Female,Divorced,Y,Yes,8,80,Research & Development,Travel_Rarely,Research Scientist,2,2,19,16,13,1,7,2,1003,74,21029,4615,23,3,4,1,1,3,4,4,Life Sciences,No,8
51,1,1081,Male,Married,Y,Yes,9,80,Research & Development,Travel_Rarely,Research Scientist,1,3,18,10,0,2,7,2,1323,34,10332,2461,12,3,1,3,3,4,3,4,Life Sciences,Yes,4
28,1,1082,Male,Single,Y,No,1,80,Research & Development,Non-Travel,Healthcare Representative,3,2,10,10,7,1,9,2,1366,72,12355,8722,12,0,2,1,1,2,3,2,Technical Degree,Yes,24
26,1,1083,Male,Married,Y,No,1,80,Research & Development,Travel_Rarely,Laboratory Technician,1,2,6,5,3,1,3,2,192,59,11141,3955,16,2,1,1,1,3,3,2,Medical,No,1
30,1,1084,Male,Married,Y,No,0,80,Research & Development,Travel_Rarely,Manufacturing Director,2,3,7,6,2,0,2,1,1176,85,9096,9957,15,1,3,1,3,2,3,3,Other,No,20
41,1,1085,Female,Married,Y,No,1,80,Research & Development,Travel_Rarely,Research Scientist,1,4,10,10,6,0,8,3,509,43,18863,3376,13,0,2,3,3,3,3,2,Technical Degree,No,7
38,1,1088,Female,Married,Y,No,0,80,Research & Development,Travel_Rarely,Healthcare Representative,3,2,20,19,9,1,9,4,330,65,24608,8823,18,1,3,3,1,2,3,1,Life Sciences,No,17
40,1,1092,Male,Married,Y,No,4,80,Research & Development,Travel_Rarely,Healthcare Representative,3,3,14,11,10,11,1,6,1492,61,26542,10322,20,1,1,4,4,3,4,4,Technical Degree,No,20
27,1,1094,Male,Married,Y,No,1,80,Research & Development,Non-Travel,Laboratory Technician,1,1,3,3,2,1,2,4,1277,87,5869,4621,19,3,1,3,4,3,3,5,Life Sciences,No,8
55,1,1096,Male,Married,Y,No,3,80,Research & Development,Travel_Frequently,Manufacturing Director,3,3,23,3,2,1,2,4,1091,65,15813,10976,18,1,4,2,2,3,3,1,Life Sciences,No,2
28,1,1097,Female,Single,Y,No,3,80,Research & Development,Travel_Rarely,Research Scientist,2,3,10,8,7,1,7,4,857,59,7909,3660,13,0,3,3,4,4,3,3,Other,No,10
44,1,1098,Male,Married,Y,No,9,80,Human Resources,Travel_Rarely,Human Resources,3,2,24,20,6,3,6,1,1376,91,2326,10482,14,1,2,1,4,3,3,2,Medical,Yes,1
33,1,1099,Male,Divorced,Y,No,4,80,Research & Development,Travel_Rarely,Healthcare Representative,3,2,9,3,2,1,2,2,654,34,21214,7119,15,1,4,4,3,3,3,3,Life Sciences,No,5
35,1,1100,Male,Single,Y,Yes,0,80,Sales,Travel_Rarely,Sales Executive,3,3,9,8,7,4,7,2,1204,86,10333,9582,22,0,4,1,1,3,4,3,Technical Degree,Yes,4
33,1,1101,Female,Single,Y,No,1,80,Research & Development,Travel_Frequently,Research Scientist,2,2,14,13,7,3,8,4,827,54,3129,4508,22,0,1,3,2,3,4,4,Medical,Yes,29
28,1,1102,Male,Divorced,Y,No,1,80,Research & Development,Travel_Rarely,Laboratory Technician,1,3,4,4,2,2,2,5,895,50,22482,2207,16,1,1,3,4,2,3,2,Life Sciences,No,15
34,1,1103,Male,Single,Y,No,0,80,Research & Development,Travel_Frequently,Healthcare Representative,2,3,7,6,2,0,4,1,618,45,22266,7756,17,0,1,4,3,2,3,1,Life Sciences,No,3
37,1,1105,Female,Divorced,Y,Yes,2,80,Sales,Travel_Rarely,Sales Executive,2,2,8,1,0,0,0,5,309,88,24223,6694,14,3,4,4,3,3,3,4,Life Sciences,No,10
25,1,1106,Male,Married,Y,Yes,1,80,Research & Development,Travel_Rarely,Laboratory Technician,1,3,7,7,7,5,6,3,1219,32,4605,3691,15,1,4,4,2,4,3,1,Technical Degree,Yes,4
26,1,1107,Male,Divorced,Y,No,1,80,Research & Development,Travel_Rarely,Laboratory Technician,1,3,1,1,1,0,0,0,1330,37,19373,2377,20,1,1,3,3,2,4,3,Medical,Yes,21
33,1,1108,Male,Single,Y,Yes,4,80,Research & Development,Travel_Rarely,Research Scientist,1,2,5,2,2,2,2,0,1017,55,2993,2313,20,0,1,2,2,3,4,3,Medical,Yes,25
42,1,1109,Male,Married,Y,No,0,80,Research & Development,Travel_Rarely,Manager,4,3,23,22,6,13,7,3,469,35,14399,17665,17,1,4,1,4,3,3,2,Medical,No,2
28,1,1111,Male,Divorced,Y,No,1,80,Research & Development,Travel_Frequently,Laboratory Technician,1,2,1,1,0,0,0,2,1009,45,7160,2596,15,2,1,2,1,3,3,3,Medical,Yes,1
50,1,1113,Male,Single,Y,Yes,3,80,Sales,Travel_Frequently,Sales Executive,2,3,5,0,0,0,0,4,959,81,17251,4728,14,0,4,3,4,3,3,4,Other,Yes,1
33,1,1114,Female,Married,Y,No,0,80,Sales,Travel_Frequently,Sales Executive,2,3,4,3,2,0,2,3,970,30,13401,4302,17,1,4,2,3,3,3,3,Life Sciences,No,7
34,1,1115,Male,Married,Y,No,3,80,Research & Development,Non-Travel,Research Scientist,1,2,6,0,0,0,0,2,697,40,22478,2979,17,3,3,4,4,3,3,4,Life Sciences,No,3
48,1,1116,Male,Single,Y,No,2,80,Research & Development,Non-Travel,Manager,4,4,27,5,4,2,1,3,1262,35,16154,16885,22,0,1,4,3,2,4,4,Medical,No,1
45,1,1117,Female,Married,Y,No,1,80,Sales,Non-Travel,Sales Executive,2,2,15,15,10,4,12,2,1050,65,17970,5593,13,1,2,3,4,3,3,4,Life Sciences,No,9
52,1,1118,Male,Single,Y,No,7,80,Research & Development,Travel_Rarely,Healthcare Representative,3,3,18,8,6,4,0,4,994,87,15322,10445,19,0,2,2,4,3,3,4,Life Sciences,No,7
38,1,1119,Male,Divorced,Y,Yes,0,80,Sales,Travel_Rarely,Sales Executive,3,2,9,8,7,2,7,2,770,73,5569,8740,14,2,3,3,2,3,3,4,Marketing,No,10
29,1,1120,Female,Divorced,Y,No,4,80,Research & Development,Travel_Rarely,Research Scientist,1,3,11,7,5,1,7,1,1107,93,26968,2514,22,1,3,4,1,3,4,4,Life Sciences,No,28
28,1,1121,Female,Divorced,Y,No,0,80,Research & Development,Travel_Rarely,Manufacturing Director,3,3,10,9,7,1,7,3,950,93,8039,7655,17,3,4,2,2,2,3,3,Medical,No,3
46,1,1124,Male,Married,Y,No,3,80,Sales,Travel_Rarely,Manager,4,3,23,12,9,4,9,3,406,52,15596,17465,12,1,1,3,4,3,3,1,Marketing,No,3
38,1,1125,Male,Single,Y,No,7,80,Sales,Travel_Rarely,Sales Executive,3,3,10,1,0,0,0,2,130,32,20619,7351,16,0,4,2,3,3,3,2,Marketing,No,2
43,1,1126,Female,Married,Y,No,8,80,Research & Development,Travel_Frequently,Manufacturing Director,3,3,18,8,7,0,1,1,1082,83,11535,10820,11,1,3,1,3,3,3,3,Life Sciences,No,27
39,1,1127,Male,Divorced,Y,No,7,80,Research & Development,Travel_Frequently,Healthcare Representative,4,3,21,18,7,11,5,4,203,84,13547,12169,11,3,1,4,4,3,3,3,Life Sciences,Yes,2
40,1,1128,Male,Single,Y,No,1,80,Research & Development,Travel_Rarely,Research Director,5,2,21,20,7,4,9,2,1308,44,17544,19626,14,0,3,3,1,4,3,3,Medical,No,14
21,1,1131,Female,Single,Y,Yes,1,80,Research & Development,Travel_Rarely,Research Scientist,1,2,2,2,2,2,2,6,984,70,25326,2070,11,0,4,2,3,4,3,1,Technical Degree,No,1
39,1,1132,Male,Single,Y,No,9,80,Research & Development,Non-Travel,Laboratory Technician,2,3,9,5,4,0,3,2,439,70,8770,6782,15,0,3,2,3,2,3,3,Life Sciences,No,9
36,1,1133,Male,Single,Y,No,2,80,Research & Development,Non-Travel,Manufacturing Director,2,3,18,11,9,0,9,0,217,78,23238,7779,20,0,1,4,1,3,4,4,Life Sciences,No,18
31,1,1135,Male,Married,Y,No,0,80,Sales,Travel_Frequently,Sales Representative,1,4,3,2,2,2,2,4,793,67,21981,2791,12,1,3,4,1,3,3,3,Life Sciences,No,20
28,1,1136,Male,Married,Y,No,0,80,Research & Development,Travel_Rarely,Research Scientist,1,2,6,5,3,0,4,2,1451,67,19911,3201,17,0,1,2,1,1,3,1,Life Sciences,No,2
35,1,1137,Male,Divorced,Y,No,1,80,Sales,Travel_Frequently,Sales Executive,2,3,5,5,2,0,2,3,1182,54,18500,4968,11,1,4,4,4,3,3,2,Marketing,No,11
49,1,1138,Male,Married,Y,No,6,80,Sales,Travel_Rarely,Sales Executive,4,2,22,9,8,2,3,3,174,56,11879,13120,17,1,4,2,2,3,3,4,Technical Degree,No,8
34,1,1140,Male,Single,Y,No,2,80,Research & Development,Travel_Frequently,Manufacturing Director,2,3,5,3,2,0,2,3,1003,95,15834,4033,11,0,4,3,4,2,3,2,Life Sciences,No,2
29,1,1143,Female,Divorced,Y,No,0,80,Research & Development,Travel_Frequently,Research Scientist,1,3,8,7,5,1,1,2,490,61,17940,3291,14,2,4,2,4,2,3,3,Life Sciences,No,10
42,1,1148,Male,Single,Y,No,4,80,Research & Development,Travel_Rarely,Laboratory Technician,2,1,16,1,0,0,0,3,188,56,9558,4272,19,0,2,4,1,3,3,3,Medical,No,29
29,1,1150,Male,Married,Y,Yes,1,80,Research & Development,Travel_Rarely,Manufacturing Director,2,2,10,10,7,1,2,2,718,79,17689,5056,15,1,2,4,3,2,3,1,Medical,No,8
38,1,1152,Male,Married,Y,No,1,80,Human Resources,Travel_Rarely,Human Resources,1,4,7,7,6,5,0,2,433,37,6004,2844,13,1,3,3,4,4,3,3,Human Resources,No,1
28,1,1154,Male,Divorced,Y,Yes,1,80,Research & Development,Travel_Frequently,Research Scientist,1,2,3,3,1,0,2,2,773,39,22088,2703,14,1,3,3,4,3,3,3,Life Sciences,No,6
18,1,1156,Male,Single,Y,No,1,80,Research & Development,Non-Travel,Laboratory Technician,1,3,0,0,0,0,0,0,247,80,13556,1904,12,0,3,3,4,3,3,1,Medical,Yes,8
33,1,1157,Female,Single,Y,Yes,0,80,Sales,Travel_Rarely,Sales Executive,2,3,6,5,2,0,3,3,603,77,18385,8224,17,0,1,1,1,3,3,4,Marketing,Yes,9
41,1,1158,Male,Married,Y,Yes,3,80,Research & Development,Travel_Rarely,Laboratory Technician,1,3,6,1,0,0,0,4,167,46,9051,4766,11,1,2,4,1,3,3,4,Life Sciences,No,12
31,1,1160,Male,Married,Y,No,1,80,Research & Development,Travel_Frequently,Laboratory Technician,1,3,2,2,2,2,2,5,874,72,6233,2610,12,1,3,3,3,2,3,3,Medical,Yes,15
37,1,1161,Female,Divorced,Y,No,7,80,Research & Development,Travel_Rarely,Healthcare Representative,2,2,9,6,2,1,3,2,367,52,17171,5731,13,2,3,4,3,3,3,2,Medical,No,25
27,1,1162,Male,Married,Y,No,1,80,Research & Development,Travel_Rarely,Research Scientist,1,2,4,4,2,2,2,0,199,55,7950,2539,13,1,4,3,3,3,3,3,Life Sciences,No,6
34,1,1163,Female,Married,Y,No,1,80,Sales,Travel_Rarely,Sales Executive,2,3,6,6,5,1,3,3,1400,70,5829,5714,20,0,2,3,1,2,4,1,Life Sciences,No,9
35,1,1164,Male,Single,Y,No,1,80,Human Resources,Travel_Rarely,Human Resources,1,3,6,5,4,1,4,2,528,100,7108,4323,17,0,3,3,2,1,3,4,Technical Degree,No,8
29,1,1165,Female,Married,Y,No,1,80,Sales,Travel_Rarely,Sales Executive,3,2,11,11,8,3,10,3,408,45,11162,7336,13,1,4,1,1,1,3,1,Life Sciences,Yes,23
40,1,1166,Female,Single,Y,No,9,80,Research & Development,Travel_Frequently,Research Director,3,3,20,18,7,2,13,3,593,88,13782,13499,17,0,2,3,3,2,3,4,Medical,No,9
42,1,1167,Male,Single,Y,Yes,0,80,Sales,Travel_Frequently,Sales Executive,4,3,22,21,9,13,14,2,481,44,2447,13758,12,0,3,1,2,2,3,3,Life Sciences,Yes,12
42,1,1171,Male,Single,Y,No,7,80,Sales,Travel_Rarely,Sales Executive,2,3,9,6,4,1,5,3,647,45,2253,5155,13,0,2,1,4,4,3,4,Marketing,No,4
35,1,1172,Male,Married,Y,No,6,80,Research & Development,Travel_Rarely,Laboratory Technician,1,2,10,8,0,1,7,2,982,58,16340,2258,12,1,4,3,2,3,3,4,Medical,No,1
24,1,1173,Male,Single,Y,No,8,80,Research & Development,Travel_Rarely,Laboratory Technician,1,3,6,4,3,1,2,2,477,49,6409,3597,22,0,4,2,4,3,4,3,Medical,No,24
28,1,1175,Female,Married,Y,Yes,1,80,Research & Development,Travel_Rarely,Laboratory Technician,1,3,1,1,1,0,0,4,1485,79,22955,2515,11,0,3,4,4,2,3,1,Life Sciences,Yes,12
26,1,1177,Male,Married,Y,No,1,80,Research & Development,Travel_Rarely,Laboratory Technician,1,4,8,8,7,0,7,2,1384,82,13421,4420,22,1,1,4,2,3,4,4,Medical,No,3
30,1,1179,Male,Married,Y,No,1,80,Sales,Travel_Rarely,Sales Executive,2,2,10,10,3,1,4,3,852,72,2706,6578,18,1,3,3,1,3,3,3,Marketing,No,10
40,1,1180,Female,Married,Y,Yes,3,80,Research & Development,Travel_Frequently,Research Scientist,2,2,16,1,1,0,0,3,902,92,21203,4422,13,1,3,4,4,1,3,2,Medical,No,26
35,1,1182,Male,Divorced,Y,No,2,80,Research & Development,Travel_Rarely,Manufacturing Director,3,2,15,7,7,6,4,2,819,44,19588,10274,18,1,3,2,2,4,3,3,Life Sciences,No,2
34,1,1184,Male,Single,Y,No,0,80,Research & Development,Travel_Frequently,Healthcare Representative,2,2,14,13,9,4,9,3,669,97,25755,5343,20,0,4,1,3,3,4,3,Medical,No,1
35,1,1185,Male,Married,Y,No,1,80,Research & Development,Travel_Frequently,Laboratory Technician,1,2,2,2,2,2,2,2,636,47,26537,2376,13,1,4,4,2,4,3,4,Other,No,4
43,1,1188,Female,Single,Y,No,8,80,Sales,Travel_Rarely,Sales Executive,2,1,7,4,3,1,3,2,1372,85,9489,5346,13,0,1,3,2,2,3,3,Marketing,Yes,9
32,1,1190,Female,Divorced,Y,No,1,80,Sales,Non-Travel,Sales Representative,1,3,1,1,0,0,0,3,862,76,14947,2827,12,3,3,1,3,3,3,1,Life Sciences,No,2
56,1,1191,Female,Divorced,Y,No,4,80,Research & Development,Travel_Rarely,Manager,5,3,28,5,2,4,2,2,718,92,18575,19943,13,1,4,1,4,3,3,4,Technical Degree,No,4
29,1,1192,Female,Married,Y,No,1,80,Research & Development,Travel_Rarely,Laboratory Technician,1,3,10,10,8,0,8,5,1401,54,26342,3131,13,1,2,4,1,3,3,1,Medical,No,6
19,1,1193,Male,Single,Y,No,1,80,Research & Development,Travel_Rarely,Research Scientist,1,3,1,1,1,0,0,4,645,54,7172,2552,25,0,3,1,3,3,4,2,Life Sciences,No,9
45,1,1195,Female,Married,Y,Yes,4,80,Research & Development,Travel_Rarely,Research Scientist,1,3,7,3,2,0,2,2,1457,83,20100,4477,19,1,1,3,3,2,3,3,Medical,No,7
37,1,1196,Female,Married,Y,No,1,80,Research & Development,Travel_Rarely,Manufacturing Director,2,2,14,14,8,3,11,2,977,56,9961,6474,13,1,4,4,2,2,3,3,Life Sciences,No,1
20,1,1198,Male,Single,Y,No,1,80,Research & Development,Travel_Rarely,Laboratory Technician,1,2,2,2,2,1,2,2,805,87,12828,3033,12,0,1,3,1,2,3,3,Life Sciences,No,3
44,1,1200,Male,Single,Y,Yes,1,80,Research & Development,Travel_Rarely,Research Scientist,1,3,6,6,4,0,2,4,1097,96,10826,2936,11,0,3,3,3,3,3,4,Life Sciences,Yes,10
53,1,1201,Female,Divorced,Y,No,3,80,Research & Development,Travel_Rarely,Manager,5,3,26,7,7,4,7,6,1223,50,18640,18606,18,1,4,3,2,3,3,2,Medical,No,7
29,1,1202,Female,Married,Y,Yes,0,80,Research & Development,Travel_Rarely,Research Scientist,1,1,6,5,4,1,3,2,942,69,26933,2168,18,1,2,4,1,2,3,1,Life Sciences,No,15
22,1,1203,Male,Married,Y,Yes,0,80,Research & Development,Travel_Frequently,Research Scientist,1,2,1,0,0,0,0,5,1256,48,4223,2853,11,1,3,4,2,3,3,4,Life Sciences,Yes,3
46,1,1204,Female,Married,Y,No,8,80,Sales,Travel_Rarely,Manager,4,3,28,26,15,15,9,2,1402,69,24097,17048,23,0,3,1,1,3,4,3,Marketing,No,2
44,1,1206,Male,Single,Y,No,2,80,Research & Development,Non-Travel,Research Scientist,1,1,6,0,0,0,0,3,111,74,4279,2290,13,0,4,3,4,3,3,3,Life Sciences,No,17
33,1,1207,Male,Married,Y,No,1,80,Human Resources,Travel_Rarely,Human Resources,1,3,5,5,4,1,4,2,147,99,8429,3600,13,1,2,3,4,3,3,3,Human Resources,No,2
41,1,1210,Male,Divorced,Y,No,6,80,Research & Development,Non-Travel,Research Scientist,1,2,5,1,0,0,0,2,906,95,20293,2107,17,1,1,1,1,1,3,2,Life Sciences,Yes,5
30,1,1211,Male,Divorced,Y,No,8,80,Sales,Travel_Rarely,Sales Executive,2,3,8,4,3,0,3,3,1329,61,13192,4115,19,3,3,1,3,3,3,4,Life Sciences,No,29
40,1,1212,Male,Married,Y,No,5,80,Sales,Travel_Frequently,Sales Executive,2,3,5,0,0,0,0,2,1184,62,25440,4327,12,3,2,2,4,3,3,4,Medical,No,2
50,1,1215,Female,Married,Y,No,2,80,Research & Development,Travel_Frequently,Manager,4,3,32,2,2,2,2,3,1421,30,9490,17856,22,1,4,1,3,3,4,3,Medical,No,2
28,1,1216,Male,Married,Y,No,1,80,Research & Development,Travel_Rarely,Laboratory Technician,1,2,6,6,5,3,3,2,1179,78,12449,3196,12,3,4,1,3,3,3,4,Medical,No,19
46,1,1217,Male,Married,Y,No,5,80,Research & Development,Travel_Rarely,Research Director,5,3,25,4,2,0,3,2,1450,52,10849,19081,11,1,4,2,1,3,3,2,Life Sciences,No,15
35,1,1218,Male,Married,Y,Yes,3,80,Sales,Travel_Rarely,Sales Executive,2,3,15,7,7,1,7,2,1361,94,21026,8966,15,3,3,1,4,3,3,4,Life Sciences,No,17
24,1,1219,Female,Married,Y,No,1,80,Research & Development,Travel_Rarely,Laboratory Technician,1,3,1,1,0,0,0,3,984,97,3372,2210,13,1,4,2,1,1,3,2,Life Sciences,Yes,17
33,1,1220,Female,Married,Y,No,1,80,Sales,Travel_Frequently,Sales Executive,2,3,10,10,7,0,1,3,1146,82,4905,4539,12,1,2,3,1,2,3,3,Medical,No,25
36,1,1221,Male,Divorced,Y,No,1,80,Research & Development,Travel_Rarely,Laboratory Technician,1,1,7,7,7,1,7,4,917,60,6865,2741,14,1,3,3,3,3,3,4,Life Sciences,No,6
30,1,1224,Male,Divorced,Y,No,1,80,Research & Development,Travel_Rarely,Laboratory Technician,2,3,10,10,7,8,9,4,853,49,11309,3491,13,3,3,3,1,2,3,4,Life Sciences,No,7
44,1,1225,Male,Single,Y,No,1,80,Research & Development,Travel_Rarely,Research Scientist,2,3,20,20,11,13,17,3,200,32,7744,4541,25,0,4,4,2,3,4,4,Other,No,29
20,1,1226,Male,Single,Y,No,1,80,Sales,Travel_Rarely,Sales Representative,1,4,2,2,1,2,2,2,654,43,5050,2678,17,0,3,4,4,3,3,3,Marketing,No,21
46,1,1228,Male,Divorced,Y,No,2,80,Research & Development,Travel_Rarely,Manufacturing Director,2,3,12,6,3,1,4,3,150,60,17433,7379,11,1,4,4,3,2,3,4,Technical Degree,No,2
42,1,1231,Male,Married,Y,No,7,80,Human Resources,Non-Travel,Human Resources,2,4,10,4,3,0,3,3,179,79,12858,6272,16,1,4,1,1,4,3,5,Medical,No,2
60,1,1233,Male,Divorced,Y,Yes,0,80,Sales,Travel_Rarely,Sales Executive,2,4,12,11,7,1,9,3,696,52,10893,5220,18,1,2,4,2,3,3,4,Marketing,No,7
32,1,1234,Female,Married,Y,No,1,80,Research & Development,Travel_Frequently,Laboratory Technician,1,2,2,2,2,2,2,2,116,77,7331,2743,20,1,3,2,3,3,4,3,Other,No,13
32,1,1235,Female,Single,Y,Yes,4,80,Research & Development,Travel_Frequently,Research Scientist,2,3,10,8,7,0,7,2,1316,38,2338,4998,14,0,4,3,4,3,3,2,Life Sciences,No,2
36,1,1237,Female,Divorced,Y,Yes,2,80,Research & Development,Travel_Rarely,Manufacturing Director,3,1,17,7,7,7,7,2,363,77,4235,10252,21,1,3,1,3,3,4,3,Technical Degree,No,1
33,1,1238,Male,Married,Y,No,0,80,Research & Development,Travel_Rarely,Research Scientist,1,3,15,14,10,4,10,5,117,60,6311,2781,13,1,1,4,2,3,3,3,Medical,No,9
40,1,1239,Female,Divorced,Y,No,7,80,Sales,Travel_Rarely,Sales Executive,2,2,7,5,1,1,3,2,107,84,11591,6852,12,1,2,2,2,4,3,3,Technical Degree,No,10
25,1,1240,Male,Single,Y,No,0,80,Sales,Travel_Rarely,Sales Executive,2,3,5,4,3,1,1,4,1356,57,20623,4950,14,0,3,4,2,3,3,4,Life Sciences,No,10
30,1,1241,Male,Married,Y,Yes,0,80,Research & Development,Travel_Rarely,Research Scientist,1,3,12,11,9,5,7,2,1465,63,9369,3579,21,1,4,2,1,3,4,3,Medical,No,1
42,1,1242,Female,Married,Y,Yes,3,80,Research & Development,Travel_Frequently,Research Director,3,3,20,1,0,0,0,6,458,60,23281,13191,17,0,1,1,3,3,3,5,Medical,No,26
35,1,1243,Female,Married,Y,Yes,4,80,Sales,Non-Travel,Sales Executive,3,2,16,13,2,4,12,6,1212,78,13755,10377,11,1,3,4,2,2,3,2,Marketing,No,8
27,1,1244,Male,Married,Y,Yes,1,80,Research & Development,Travel_Rarely,Research Scientist,1,3,9,9,7,6,8,3,1103,42,14377,2235,14,2,1,1,4,2,3,3,Life Sciences,No,14
54,1,1245,Female,Divorced,Y,No,7,80,Research & Development,Travel_Frequently,Manufacturing Director,3,3,33,5,4,1,4,2,966,53,9659,10502,17,1,4,3,1,1,3,4,Life Sciences,No,1
44,1,1246,Female,Married,Y,No,1,80,Research & Development,Travel_Rarely,Research Scientist,1,4,10,10,5,7,7,5,1117,72,19982,2011,13,1,1,4,4,3,3,1,Life Sciences,No,2
19,1,1248,Female,Single,Y,Yes,1,80,Research & Development,Non-Travel,Research Scientist,1,2,1,1,1,0,0,2,504,96,6148,1859,25,0,1,2,2,4,4,3,Medical,Yes,10
29,1,1249,Female,Divorced,Y,No,1,80,Research & Development,Travel_Rarely,Research Scientist,1,3,3,3,2,1,2,5,1010,97,5598,3760,15,3,1,4,1,3,3,3,Life Sciences,No,1
54,1,1250,Male,Married,Y,No,3,80,Research & Development,Travel_Rarely,Research Director,4,3,36,10,9,0,9,2,685,85,23474,17779,14,0,4,4,1,3,3,3,Life Sciences,No,3
31,1,1251,Male,Married,Y,Yes,1,80,Research & Development,Travel_Rarely,Healthcare Representative,2,3,6,6,5,0,1,2,1332,80,17089,6833,12,0,3,1,4,2,3,2,Medical,No,11
31,1,1252,Female,Single,Y,No,1,80,Research & Development,Travel_Rarely,Healthcare Representative,2,2,10,10,9,1,8,2,1062,96,17198,6812,19,0,3,1,2,3,3,3,Medical,No,24
59,1,1254,Female,Single,Y,No,5,80,Sales,Travel_Rarely,Sales Executive,2,2,13,6,1,0,5,2,326,48,16490,5171,17,0,3,4,4,3,3,3,Life Sciences,No,3
43,1,1255,Male,Married,Y,No,3,80,Research & Development,Travel_Rarely,Research Director,5,1,25,8,7,0,7,2,920,96,18625,19740,14,1,3,4,2,3,3,3,Life Sciences,No,3
49,1,1256,Male,Married,Y,No,2,80,Research & Development,Travel_Rarely,Manager,5,2,23,1,0,0,0,2,1098,85,12124,18711,13,1,1,3,3,4,3,2,Medical,No,4
36,1,1257,Male,Married,Y,No,1,80,Research & Development,Travel_Frequently,Research Scientist,1,3,12,11,10,0,7,2,469,46,9256,3692,12,0,3,2,3,2,3,3,Technical Degree,No,3
48,1,1258,Male,Single,Y,No,5,80,Research & Development,Travel_Rarely,Laboratory Technician,1,4,7,1,0,0,0,4,969,76,16620,2559,11,0,4,2,3,2,3,2,Technical Degree,No,2
27,1,1259,Male,Divorced,Y,No,1,80,Research & Development,Travel_Rarely,Research Scientist,1,3,5,5,3,0,3,2,1167,76,3208,2517,11,3,1,3,2,3,3,2,Life Sciences,No,4
29,1,1260,Male,Divorced,Y,Yes,1,80,Research & Development,Travel_Rarely,Healthcare Representative,2,3,6,6,0,1,0,2,1329,82,4204,6623,11,2,3,4,2,3,3,3,Life Sciences,No,7
48,1,1263,Male,Single,Y,No,6,80,Research & Development,Travel_Rarely,Research Director,5,2,25,1,0,0,0,3,715,76,8733,18265,12,0,4,4,3,4,3,3,Life Sciences,No,1
29,1,1264,Female,Divorced,Y,No,3,80,Research & Development,Travel_Rarely,Research Director,4,2,9,7,7,1,7,2,694,87,3423,16124,14,2,4,4,2,2,3,3,Life Sciences,No,1
34,1,1265,Female,Married,Y,No,0,80,Research & Development,Travel_Rarely,Research Scientist,1,4,2,1,0,0,0,5,1320,89,21643,2585,17,0,3,3,4,2,3,3,Technical Degree,No,20
44,1,1267,Male,Married,Y,No,7,80,Sales,Travel_Rarely,Manager,5,3,26,22,9,3,10,5,1099,88,8751,18213,11,1,2,2,3,3,3,3,Marketing,No,5
33,1,1268,Male,Divorced,Y,Yes,0,80,Sales,Travel_Rarely,Sales Executive,3,4,10,9,8,0,8,3,536,82,21708,8380,14,2,4,3,4,3,3,5,Marketing,No,10
19,1,1269,Female,Single,Y,Yes,1,80,Research & Development,Travel_Rarely,Research Scientist,1,4,1,1,0,0,1,2,265,57,21221,2994,12,0,2,4,4,3,3,3,Life Sciences,No,25
23,1,1270,Male,Married,Y,No,1,80,Research & Development,Travel_Rarely,Research Scientist,1,3,1,1,0,0,1,2,373,47,16901,1223,22,1,4,3,4,3,4,2,Life Sciences,No,1
25,1,1273,Male,Single,Y,Yes,1,80,Sales,Travel_Frequently,Sales Representative,1,1,1,1,0,1,0,4,599,73,8040,1118,14,0,3,4,4,3,3,1,Life Sciences,Yes,24
26,1,1275,Male,Single,Y,Yes,1,80,Research & Development,Travel_Rarely,Research Scientist,1,3,8,8,5,2,2,2,583,53,9973,2875,20,0,3,4,2,2,4,2,Life Sciences,No,4
45,1,1277,Female,Single,Y,Yes,2,80,Sales,Travel_Rarely,Manager,5,1,26,24,10,1,11,2,1449,94,2493,18824,16,0,1,2,1,3,3,3,Marketing,Yes,2
55,1,1278,Male,Divorced,Y,Yes,1,80,Research & Development,Non-Travel,Healthcare Representative,4,2,34,33,9,15,0,3,177,37,25592,13577,15,1,4,2,4,3,3,1,Medical,No,8
21,1,1279,Female,Single,Y,No,1,80,Research & Development,Travel_Frequently,Laboratory Technician,1,2,2,2,2,2,2,2,251,45,25308,2625,20,0,1,3,3,1,4,2,Life Sciences,Yes,10
46,1,1280,Female,Married,Y,No,2,80,Sales,Travel_Rarely,Manager,5,2,26,11,4,0,8,2,168,33,9946,18789,14,1,4,2,3,3,3,2,Marketing,No,4
34,1,1281,Female,Single,Y,Yes,0,80,Sales,Travel_Rarely,Sales Executive,2,3,4,3,2,0,2,3,131,86,6039,4538,12,0,3,1,4,3,3,3,Marketing,No,2
51,1,1282,Male,Divorced,Y,Yes,4,80,Sales,Travel_Frequently,Manager,5,3,31,29,10,11,10,5,237,83,19196,19847,24,1,4,2,1,2,4,3,Life Sciences,No,9
59,1,1283,Male,Single,Y,No,6,80,Research & Development,Travel_Rarely,Manufacturing Director,3,3,25,9,7,5,4,6,1429,67,20002,10512,12,0,4,4,4,2,3,4,Medical,No,18
34,1,1285,Female,Divorced,Y,No,4,80,Research & Development,Travel_Frequently,Laboratory Technician,2,3,15,11,8,5,10,2,135,46,22534,4444,13,2,3,2,3,4,3,3,Medical,No,19
28,1,1286,Male,Single,Y,Yes,0,80,Research & Development,Travel_Frequently,Laboratory Technician,1,3,5,4,2,0,2,2,791,44,6842,2154,11,0,4,3,3,2,3,4,Medical,No,1
44,1,1288,Male,Divorced,Y,No,1,80,Research & Development,Travel_Rarely,Manager,5,4,26,25,9,14,13,4,1199,92,17477,19190,14,2,3,1,4,2,3,2,Life Sciences,No,4
34,1,1289,Male,Married,Y,No,4,80,Human Resources,Travel_Frequently,Human Resources,2,2,14,10,9,1,8,5,648,56,21833,4490,11,2,3,2,4,4,3,3,Life Sciences,No,11
35,1,1291,Male,Married,Y,Yes,0,80,Research & Development,Travel_Rarely,Research Scientist,1,3,4,3,2,2,2,3,735,66,6020,3506,14,0,3,3,4,3,3,1,Life Sciences,No,6
42,1,1292,Female,Married,Y,Yes,6,80,Research & Development,Travel_Rarely,Research Scientist,2,4,18,1,0,0,0,2,603,78,5628,2372,16,0,2,2,4,3,3,4,Medical,No,7
43,1,1293,Female,Single,Y,No,3,80,Sales,Travel_Rarely,Sales Executive,3,2,23,21,7,15,17,3,531,56,20364,10231,14,0,4,4,4,4,3,4,Marketing,No,4
36,1,1294,Female,Single,Y,Yes,9,80,Research & Development,Travel_Rarely,Manufacturing Director,2,3,18,16,14,5,12,2,429,53,2323,5410,11,0,3,2,4,3,3,4,Life Sciences,No,2
44,1,1295,Female,Married,Y,No,1,80,Research & Development,Travel_Rarely,Healthcare Representative,3,3,10,10,7,0,5,2,621,73,14075,7978,11,1,1,4,4,3,3,3,Medical,Yes,15
28,1,1296,Male,Married,Y,Yes,1,80,Research & Development,Travel_Frequently,Laboratory Technician,1,2,2,2,2,2,2,2,193,52,14222,3867,12,1,4,4,2,3,3,3,Life Sciences,No,2
51,1,1297,Female,Single,Y,No,0,80,Research & Development,Travel_Frequently,Laboratory Technician,1,2,8,7,0,7,7,6,968,40,4257,2838,14,0,2,3,2,2,3,2,Medical,No,6
30,1,1298,Female,Single,Y,Yes,7,80,Research & Development,Non-Travel,Manufacturing Director,2,3,10,8,4,1,7,3,879,72,12858,4695,18,0,3,3,3,3,3,2,Medical,No,9
29,1,1299,Female,Divorced,Y,Yes,3,80,Research & Development,Travel_Rarely,Laboratory Technician,1,3,10,7,7,7,7,2,806,39,17285,3339,13,2,2,3,1,3,3,3,Technical Degree,Yes,7
28,1,1301,Male,Single,Y,No,2,80,Research & Development,Travel_Rarely,Research Scientist,1,3,5,3,2,1,2,2,640,84,4732,2080,11,0,4,1,2,2,3,3,Technical Degree,No,1
25,1,1303,Female,Single,Y,No,1,80,Research & Development,Travel_Rarely,Research Scientist,1,3,2,2,2,2,1,3,266,40,18830,2096,18,0,4,2,4,2,3,3,Medical,No,1
32,1,1304,Male,Married,Y,No,1,80,Sales,Travel_Rarely,Sales Executive,2,4,10,10,7,0,8,4,604,56,11693,6209,15,2,3,4,3,4,3,3,Medical,No,8
45,1,1306,Female,Single,Y,No,3,80,Research & Development,Travel_Frequently,Manager,5,3,22,0,0,0,0,4,364,83,13035,18061,22,0,2,2,3,3,4,3,Medical,No,25
39,1,1307,Female,Divorced,Y,Yes,6,80,Research & Development,Travel_Rarely,Manager,4,2,21,19,9,15,2,4,412,94,17334,17123,13,2,3,2,4,3,3,4,Medical,No,13
58,1,1308,Male,Divorced,Y,No,1,80,Research & Development,Travel_Rarely,Research Scientist,1,3,2,2,2,2,2,3,848,88,26076,2372,12,2,1,3,4,3,3,4,Life Sciences,No,23
32,1,1309,Male,Married,Y,No,1,80,Research & Development,Travel_Rarely,Laboratory Technician,2,3,10,10,4,1,1,3,1089,79,22845,4883,18,1,4,3,1,3,3,2,Life Sciences,Yes,7
39,1,1310,Male,Single,Y,No,0,80,Research & Development,Travel_Rarely,Research Scientist,1,3,6,5,2,0,3,2,360,93,22154,3904,13,0,3,1,1,3,3,3,Medical,Yes,23
30,1,1311,Female,Married,Y,No,0,80,Research & Development,Travel_Rarely,Laboratory Technician,2,2,10,9,2,6,7,6,1138,48,23631,4627,12,1,1,4,1,3,3,3,Technical Degree,No,6
36,1,1312,Female,Married,Y,No,3,80,Research & Development,Travel_Rarely,Healthcare Representative,3,3,10,7,7,1,7,0,325,63,5747,7094,12,0,4,3,1,3,3,4,Technical Degree,No,10
46,1,1314,Female,Single,Y,No,6,80,Human Resources,Travel_Rarely,Human Resources,1,3,10,7,6,5,7,3,991,44,22957,3423,12,0,4,1,3,4,3,2,Life Sciences,No,1
28,1,1315,Female,Married,Y,No,0,80,Research & Development,Non-Travel,Laboratory Technician,2,1,10,9,8,7,5,6,1476,55,16392,6674,11,3,3,4,1,3,3,3,Life Sciences,No,1
50,1,1317,Female,Married,Y,Yes,4,80,Research & Development,Travel_Rarely,Research Director,4,3,25,3,2,1,2,2,1322,43,22422,16880,11,0,4,1,2,3,3,3,Life Sciences,No,28
40,1,1318,Male,Single,Y,Yes,2,80,Sales,Travel_Rarely,Sales Executive,3,2,9,5,4,1,0,2,299,57,17235,9094,12,0,4,2,3,3,3,4,Marketing,Yes,25
52,1,1319,Male,Single,Y,Yes,9,80,Sales,Travel_Rarely,Sales Executive,3,3,10,8,7,7,7,2,1030,64,21534,8446,19,0,2,2,3,2,3,3,Life Sciences,Yes,5
30,1,1321,Female,Married,Y,Yes,1,80,Research & Development,Travel_Rarely,Manager,3,3,9,9,1,0,8,2,634,95,25927,11916,23,2,2,1,4,3,4,4,Medical,No,17
39,1,1322,Male,Single,Y,No,0,80,Research & Development,Travel_Rarely,Manufacturing Director,2,3,9,8,7,1,7,6,524,32,13352,4534,11,0,1,3,1,3,3,2,Life Sciences,No,18
31,1,1324,Female,Divorced,Y,Yes,1,80,Sales,Non-Travel,Sales Executive,3,3,10,10,8,9,6,5,587,57,8935,9852,19,1,4,3,1,2,3,4,Life Sciences,No,2
41,1,1329,Male,Single,Y,No,1,80,Sales,Non-Travel,Sales Executive,2,1,19,19,2,11,9,4,256,40,22074,6151,13,0,3,2,1,3,3,2,Medical,No,10
31,1,1331,Female,Single,Y,Yes,1,80,Sales,Travel_Frequently,Sales Representative,1,3,3,3,2,2,2,2,1060,54,8319,2302,11,0,4,2,1,4,3,3,Life Sciences,Yes,1
44,1,1333,Male,Married,Y,No,4,80,Research & Development,Travel_Rarely,Laboratory Technician,1,3,10,3,2,1,2,4,935,89,14669,2362,12,0,1,1,3,4,3,3,Life Sciences,Yes,3
42,1,1334,Male,Married,Y,Yes,0,80,Research & Development,Non-Travel,Manager,4,3,21,20,8,2,10,3,495,37,26582,17861,13,0,3,3,4,2,3,1,Life Sciences,No,2
55,1,1336,Female,Married,Y,No,4,80,Research & Development,Travel_Rarely,Manager,5,1,23,19,9,9,11,5,282,58,6992,19187,14,1,4,3,4,3,3,2,Medical,No,2
56,1,1338,Male,Single,Y,No,6,80,Human Resources,Travel_Rarely,Manager,5,3,36,7,3,7,7,4,206,99,4022,19717,14,0,4,2,1,3,3,4,Life Sciences,No,8
40,1,1340,Male,Divorced,Y,No,9,80,Research & Development,Non-Travel,Research Scientist,1,3,6,4,2,0,0,0,458,74,8532,3544,16,1,3,3,2,3,3,2,Life Sciences,No,16
34,1,1344,Male,Divorced,Y,No,0,80,Research & Development,Travel_Rarely,Healthcare Representative,3,3,10,9,7,1,6,0,943,86,5494,8500,11,1,4,4,4,2,3,3,Life Sciences,No,9
40,1,1346,Male,Single,Y,No,1,80,Research & Development,Travel_Rarely,Research Scientist,2,3,9,9,8,8,8,4,523,98,22455,4661,13,0,3,4,3,3,3,3,Life Sciences,No,2
41,1,1349,Female,Divorced,Y,No,0,80,Sales,Travel_Frequently,Sales Executive,2,3,10,9,3,1,7,2,1018,66,4297,4103,17,1,3,1,4,3,3,3,Marketing,No,1
35,1,1350,Male,Single,Y,Yes,1,80,Research & Development,Travel_Frequently,Research Scientist,2,3,9,9,6,1,1,3,482,87,2690,4249,11,0,3,3,2,3,3,4,Life Sciences,No,4
51,1,1352,Male,Divorced,Y,Yes,1,80,Human Resources,Travel_Rarely,Manager,4,3,33,33,9,0,10,2,770,84,17588,14026,11,1,3,2,2,3,3,3,Life Sciences,No,5
38,1,1355,Female,Divorced,Y,No,3,80,Sales,Travel_Rarely,Sales Executive,2,3,11,7,7,1,7,3,1009,31,19461,6893,15,1,2,1,4,3,3,2,Life Sciences,No,2
34,1,1356,Female,Single,Y,No,1,80,Sales,Travel_Rarely,Sales Executive,2,3,10,10,8,9,6,6,507,66,23553,6125,12,0,3,1,4,4,3,2,Medical,No,15
25,1,1358,Male,Married,Y,No,3,80,Research & Development,Travel_Rarely,Laboratory Technician,1,3,7,3,2,1,2,6,882,67,9075,3669,11,3,4,4,3,2,3,1,Medical,No,19
58,1,1360,Female,Married,Y,Yes,7,80,Research & Development,Travel_Rarely,Manufacturing Director,3,2,31,10,9,5,9,0,601,53,12023,10008,14,0,3,1,4,2,3,4,Medical,Yes,7
40,1,1361,Male,Married,Y,No,3,80,Research & Development,Travel_Rarely,Laboratory Technician,1,3,7,4,2,0,3,3,329,88,6762,2387,22,1,2,2,3,3,4,4,Life Sciences,No,1
36,1,1362,Female,Married,Y,No,2,80,Sales,Travel_Frequently,Sales Executive,2,4,17,15,7,6,13,2,607,83,2261,4639,16,1,1,1,4,2,3,3,Marketing,No,7
48,1,1363,Male,Single,Y,No,1,80,Research & Development,Travel_Rarely,Manufacturing Director,3,3,11,10,9,0,8,2,855,54,18706,7898,11,0,4,4,3,3,3,3,Life Sciences,No,4
27,1,1364,Female,Married,Y,No,8,80,Sales,Travel_Rarely,Sales Representative,1,4,5,1,0,0,0,4,1291,98,6527,2534,14,1,3,4,2,3,3,3,Medical,No,11
51,1,1367,Female,Single,Y,No,3,80,Research & Development,Travel_Rarely,Manufacturing Director,4,2,29,5,2,0,3,1,1405,82,24439,13142,16,0,4,2,2,2,3,2,Technical Degree,No,11
18,1,1368,Female,Single,Y,No,1,80,Research & Development,Non-Travel,Laboratory Technician,1,3,0,0,0,0,0,5,1124,97,19305,1611,15,0,4,4,3,4,3,3,Life Sciences,No,1
35,1,1369,Female,Married,Y,No,0,80,Research & Development,Travel_Rarely,Laboratory Technician,2,2,10,9,7,0,0,0,817,60,10846,5363,12,1,4,4,2,3,3,3,Medical,No,1
27,1,1371,Male,Single,Y,No,3,80,Sales,Travel_Frequently,Sales Executive,2,1,8,6,2,0,0,3,793,43,20392,5071,20,0,4,4,2,3,4,1,Life Sciences,No,2
55,1,1372,Male,Single,Y,Yes,6,80,Sales,Travel_Rarely,Sales Executive,4,4,24,19,7,3,8,2,267,85,9277,13695,17,0,1,3,3,2,3,4,Marketing,Yes,13
56,1,1373,Male,Married,Y,Yes,4,80,Research & Development,Travel_Rarely,Manufacturing Director,4,3,33,19,16,15,9,0,1369,68,18235,13402,12,1,4,2,1,3,3,3,Life Sciences,No,23
34,1,1374,Female,Divorced,Y,No,1,80,Research & Development,Non-Travel,Research Scientist,1,2,5,5,4,0,0,2,999,92,15891,2029,20,3,1,3,3,3,4,1,Technical Degree,No,26
40,1,1375,Female,Divorced,Y,No,5,80,Research & Development,Travel_Rarely,Healthcare Representative,2,4,15,12,11,11,8,0,1202,89,13888,6377,20,3,2,3,2,3,4,1,Medical,No,2
34,1,1377,Male,Married,Y,No,4,80,Research & Development,Travel_Rarely,Laboratory Technician,2,3,10,8,7,7,7,1,285,86,17491,5429,13,2,2,3,1,3,3,3,Medical,No,29
31,1,1379,Female,Single,Y,No,7,80,Sales,Travel_Frequently,Sales Representative,1,2,3,1,0,0,0,3,703,90,11882,2785,14,0,3,4,3,4,3,3,Life Sciences,Yes,2
35,1,1380,Female,Married,Y,Yes,0,80,Sales,Travel_Frequently,Sales Executive,2,3,5,4,2,3,2,0,662,67,23288,4614,18,1,4,3,3,2,3,4,Marketing,Yes,18
38,1,1382,Male,Divorced,Y,No,1,80,Research & Development,Travel_Frequently,Research Scientist,1,4,4,4,2,0,3,2,693,57,15748,2610,11,3,4,3,4,3,3,3,Life Sciences,No,7
34,1,1383,Female,Single,Y,No,1,80,Research & Development,Travel_Rarely,Healthcare Representative,2,3,14,14,11,4,11,2,404,98,6163,6687,11,0,3,4,4,4,3,4,Technical Degree,No,2
28,1,1387,Male,Married,Y,No,1,80,Sales,Travel_Rarely,Sales Executive,2,2,5,5,3,0,4,0,736,48,24232,4724,11,1,3,1,3,3,3,3,Life Sciences,No,26
31,1,1389,Male,Married,Y,Yes,1,80,Research & Development,Travel_Rarely,Manufacturing Director,2,3,10,10,2,6,7,3,330,98,21057,6179,15,2,4,3,4,2,3,4,Medical,Yes,22
39,1,1390,Male,Married,Y,Yes,3,80,Sales,Travel_Rarely,Sales Executive,2,2,8,5,4,1,4,2,1498,44,3567,6120,12,2,1,4,4,4,3,4,Life Sciences,No,21
51,1,1391,Male,Married,Y,No,2,80,Sales,Travel_Frequently,Sales Executive,3,3,14,4,2,3,2,5,541,52,15395,10596,11,0,2,2,2,3,3,3,Marketing,No,2
41,1,1392,Female,Divorced,Y,Yes,3,80,Research & Development,Travel_Frequently,Research Scientist,2,3,12,6,2,3,3,4,1200,75,13953,5467,14,2,4,4,1,2,3,3,Life Sciences,No,22
37,1,1394,Male,Married,Y,Yes,7,80,Research & Development,Travel_Rarely,Research Scientist,1,3,8,6,4,1,3,2,1439,54,5182,2996,15,0,3,3,4,3,3,1,Life Sciences,No,4
33,1,1395,Male,Married,Y,No,6,80,Sales,Travel_Frequently,Sales Executive,2,3,8,5,4,1,2,2,1111,61,19293,9998,13,0,2,4,1,4,3,1,Life Sciences,No,5
32,1,1396,Male,Married,Y,Yes,0,80,Sales,Travel_Rarely,Sales Executive,2,3,4,3,2,1,2,3,499,36,20497,4078,13,3,3,2,1,2,3,1,Marketing,No,2
39,1,1397,Male,Married,Y,No,3,80,Research & Development,Non-Travel,Healthcare Representative,3,3,13,6,4,0,5,2,1485,71,3449,10920,21,1,3,3,2,3,4,2,Life Sciences,No,25
25,1,1399,Male,Married,Y,No,2,80,Sales,Travel_Rarely,Sales Executive,2,4,6,3,2,1,2,3,1372,93,12477,6232,11,0,1,3,2,2,3,1,Life Sciences,No,18
52,1,1401,Female,Married,Y,Yes,2,80,Research & Development,Travel_Frequently,Manufacturing Director,4,4,24,5,3,0,2,3,322,59,9731,13247,11,1,4,3,2,2,3,2,Medical,No,28
43,1,1402,Female,Single,Y,Yes,1,80,Research & Development,Travel_Rarely,Research Scientist,2,2,20,20,7,1,8,3,930,73,20003,4081,14,0,1,3,1,1,3,3,Medical,No,6
27,1,1403,Female,Married,Y,Yes,1,80,Sales,Travel_Rarely,Sales Executive,2,2,6,6,2,4,4,3,205,98,7100,5769,11,0,4,4,4,3,3,3,Marketing,No,10
27,1,1405,Female,Single,Y,Yes,1,80,Research & Development,Travel_Rarely,Research Scientist,1,3,8,8,2,7,7,2,135,51,25681,2394,13,0,4,3,4,3,3,4,Life Sciences,Yes,17
26,1,1407,Male,Single,Y,No,0,80,Research & Development,Travel_Rarely,Research Scientist,1,2,5,4,3,1,1,2,683,36,4050,3904,12,0,1,4,4,3,3,1,Medical,No,2
42,1,1408,Female,Married,Y,No,0,80,Human Resources,Travel_Rarely,Manager,4,3,21,20,7,0,9,5,1147,31,16616,16799,14,1,3,1,3,3,3,3,Human Resources,No,10
52,1,1409,Female,Married,Y,No,9,80,Research & Development,Travel_Rarely,Laboratory Technician,1,3,12,5,4,0,4,2,258,54,17363,2950,13,0,3,1,3,1,3,4,Other,No,8
37,1,1411,Female,Single,Y,No,4,80,Research & Development,Travel_Rarely,Laboratory Technician,1,3,8,3,2,0,2,6,1462,94,19106,3629,18,0,1,3,1,3,3,3,Medical,No,11
35,1,1412,Male,Single,Y,No,2,80,Research & Development,Travel_Frequently,Manufacturing Director,3,3,10,2,2,2,2,2,200,60,19944,9362,11,0,3,4,3,3,3,2,Life Sciences,No,18
25,1,1415,Male,Married,Y,No,4,80,Research & Development,Travel_Rarely,Laboratory Technician,1,3,7,3,2,0,2,2,949,81,4910,3229,11,1,1,4,2,2,3,3,Technical Degree,No,1
26,1,1417,Male,Single,Y,No,0,80,Research & Development,Travel_Rarely,Laboratory Technician,1,4,8,7,7,0,7,2,652,100,23577,3578,12,0,3,1,4,3,3,3,Other,No,7
29,1,1419,Male,Single,Y,No,1,80,Human Resources,Travel_Rarely,Human Resources,3,2,10,10,9,0,9,3,332,51,9769,7988,13,0,2,1,1,2,3,3,Other,No,17
49,1,1420,Male,Single,Y,No,3,80,Research & Development,Travel_Frequently,Laboratory Technician,2,2,20,4,3,1,3,2,1475,97,22710,4284,20,0,1,1,1,3,4,2,Life Sciences,Yes,28
29,1,1421,Female,Single,Y,Yes,0,80,Research & Development,Travel_Frequently,Healthcare Representative,3,3,9,8,7,7,7,1,337,84,22930,7553,12,0,3,4,1,3,3,1,Other,Yes,14
54,1,1422,Female,Single,Y,No,6,80,Research & Development,Travel_Rarely,Research Director,4,3,29,20,7,12,7,3,971,54,5652,17328,19,0,4,4,4,2,3,3,Medical,No,1
58,1,1423,Female,Married,Y,Yes,3,80,Research & Development,Travel_Rarely,Research Director,5,3,32,9,8,1,5,3,1055,76,22456,19701,21,1,4,1,3,3,4,3,Medical,No,1
55,1,1424,Male,Divorced,Y,No,2,80,Research & Development,Travel_Rarely,Research Director,4,4,31,7,7,0,0,4,1136,81,12414,14732,13,2,2,4,4,4,3,4,Medical,No,1
36,1,1425,Female,Single,Y,Yes,3,80,Sales,Travel_Rarely,Sales Executive,2,3,15,5,4,0,1,3,1174,99,20763,9278,16,0,1,2,4,3,3,4,Marketing,No,3
31,1,1427,Female,Single,Y,No,1,80,Sales,Travel_Frequently,Sales Representative,1,1,1,1,0,0,0,3,667,50,16154,1359,12,0,2,3,2,3,3,4,Life Sciences,Yes,1
30,1,1428,Female,Divorced,Y,No,7,80,Sales,Travel_Rarely,Sales Executive,2,3,8,3,2,0,2,3,855,73,12761,4779,14,2,4,1,2,3,3,4,Marketing,No,7
31,1,1430,Female,Single,Y,No,3,80,Research & Development,Travel_Rarely,Research Director,4,3,9,3,2,1,0,3,182,93,8847,16422,11,0,1,2,3,4,3,5,Life Sciences,No,8
34,1,1431,Male,Divorced,Y,No,5,80,Research & Development,Travel_Frequently,Research Scientist,1,3,10,4,3,1,3,2,560,91,20284,2996,14,2,4,1,3,3,3,4,Other,No,1
31,1,1433,Female,Single,Y,No,1,80,Research & Development,Travel_Rarely,Research Scientist,1,2,1,1,0,0,0,3,202,34,22262,1261,12,0,1,2,3,4,3,3,Life Sciences,Yes,8
27,1,1434,Male,Married,Y,No,0,80,Research & Development,Travel_Rarely,Laboratory Technician,1,3,6,5,0,1,4,3,1377,91,7679,2099,14,0,2,1,2,4,3,1,Life Sciences,No,11
36,1,1435,Male,Single,Y,No,1,80,Research & Development,Travel_Rarely,Laboratory Technician,2,2,10,10,4,1,8,2,172,37,22604,5810,16,0,1,4,3,2,3,4,Life Sciences,No,4
36,1,1436,Female,Married,Y,No,4,80,Sales,Travel_Rarely,Sales Executive,2,2,11,3,2,0,2,3,329,98,13494,5647,13,2,3,1,1,2,3,4,Marketing,No,16
47,1,1438,Male,Married,Y,No,7,80,Research & Development,Travel_Rarely,Research Scientist,1,3,17,6,5,1,2,2,465,74,10205,3420,12,1,1,4,3,2,3,3,Technical Degree,No,1
25,1,1439,Male,Married,Y,No,3,80,Sales,Travel_Rarely,Sales Representative,1,2,6,3,2,2,2,2,383,68,15182,4400,12,0,1,1,1,3,3,2,Life Sciences,Yes,9
37,1,1440,Male,Single,Y,No,0,80,Research & Development,Non-Travel,Laboratory Technician,1,4,7,6,5,1,3,2,1413,84,25470,3500,14,0,3,3,1,1,3,2,Technical Degree,No,5
56,1,1441,Female,Married,Y,No,2,80,Research & Development,Travel_Rarely,Research Scientist,1,3,5,3,2,1,0,3,1255,90,10494,2066,22,1,1,1,4,4,4,2,Life Sciences,No,1
47,1,1443,Female,Married,Y,No,3,80,Research & Development,Travel_Rarely,Research Director,4,3,26,20,17,5,6,2,359,82,26703,17169,19,2,1,3,2,4,3,4,Medical,No,2
24,1,1445,Female,Married,Y,Yes,1,80,Sales,Travel_Rarely,Sales Executive,2,3,5,5,4,0,3,3,1476,42,15211,4162,12,2,4,3,3,3,3,1,Medical,No,4
32,1,1446,Male,Married,Y,No,4,80,Sales,Travel_Rarely,Sales Executive,2,3,7,4,3,0,3,3,601,97,23343,9204,12,1,4,4,3,2,3,5,Marketing,No,7
34,1,1447,Female,Married,Y,No,5,80,Research & Development,Travel_Rarely,Laboratory Technician,1,2,7,5,4,0,2,2,401,86,3708,3294,17,1,4,2,1,2,3,3,Life Sciences,No,1
41,1,1448,Male,Married,Y,Yes,2,80,Research & Development,Travel_Rarely,Research Scientist,1,4,7,4,2,0,3,5,1283,90,5561,2127,12,0,2,3,1,2,3,5,Medical,No,5
40,1,1449,Male,Divorced,Y,No,3,80,Research & Development,Non-Travel,Laboratory Technician,2,3,11,8,7,0,7,2,663,81,23099,3975,11,2,3,3,3,4,3,4,Other,No,9
31,1,1453,Male,Divorced,Y,No,1,80,Sales,Travel_Rarely,Sales Executive,3,3,13,13,7,9,9,5,326,31,8386,10793,18,1,1,4,1,3,3,2,Life Sciences,No,8
46,1,1457,Male,Divorced,Y,No,4,80,Sales,Travel_Rarely,Sales Executive,3,3,28,7,7,4,3,1,377,52,15986,10096,11,1,1,4,1,4,3,3,Marketing,Yes,9
39,1,1458,Female,Single,Y,Yes,2,80,Research & Development,Non-Travel,Laboratory Technician,1,2,11,1,0,0,0,2,592,54,17181,3646,23,0,1,1,2,4,4,3,Life Sciences,Yes,2
31,1,1459,Female,Single,Y,No,1,80,Research & Development,Travel_Frequently,Manufacturing Director,3,4,10,10,8,4,7,2,1445,100,8931,7446,11,0,3,2,1,3,3,5,Life Sciences,Yes,1
45,1,1460,Male,Divorced,Y,Yes,2,80,Research & Development,Travel_Rarely,Healthcare Representative,3,1,24,7,7,0,7,2,1038,95,19863,10851,18,1,2,1,2,3,3,3,Medical,No,20
31,1,1461,Female,Single,Y,No,9,80,Human Resources,Travel_Rarely,Human Resources,1,4,8,3,2,0,2,3,1398,96,24609,2109,18,0,4,2,4,3,3,2,Medical,No,8
31,1,1464,Male,Married,Y,Yes,6,80,Research & Development,Travel_Frequently,Laboratory Technician,1,3,7,2,2,2,2,2,523,94,21081,3722,13,1,2,4,3,1,3,3,Life Sciences,Yes,2
45,1,1465,Male,Married,Y,Yes,4,80,Research & Development,Travel_Rarely,Manufacturing Director,3,3,10,3,1,1,2,4,1448,55,14720,9380,18,2,2,4,4,4,3,3,Technical Degree,No,29
48,1,1466,Male,Divorced,Y,No,4,80,Sales,Travel_Rarely,Sales Executive,2,3,15,2,2,2,2,3,1221,96,24795,5486,11,3,3,1,1,3,3,3,Marketing,No,7
34,1,1467,Female,Married,Y,No,1,80,Human Resources,Travel_Rarely,Human Resources,1,3,2,2,2,2,2,0,1107,52,3072,2742,15,0,1,3,4,3,3,4,Technical Degree,Yes,9
40,1,1468,Male,Divorced,Y,No,2,80,Research & Development,Non-Travel,Research Director,3,2,16,9,8,4,8,5,218,55,25178,13757,11,1,4,2,3,3,3,1,Medical,No,8
28,1,1469,Male,Single,Y,No,0,80,Sales,Travel_Rarely,Sales Executive,2,3,6,5,4,1,3,4,866,84,23490,8463,18,0,4,1,4,3,3,3,Medical,No,5
44,1,1471,Male,Single,Y,No,3,80,Research & Development,Non-Travel,Laboratory Technician,1,2,7,5,2,0,3,5,981,90,7973,3162,14,0,3,3,4,3,3,3,Life Sciences,No,5
53,1,1472,Male,Single,Y,No,4,80,Research & Development,Travel_Rarely,Research Director,4,4,35,9,8,8,8,2,447,39,19764,16598,12,0,4,2,2,2,3,3,Medical,No,2
49,1,1473,Male,Married,Y,No,2,80,Research & Development,Travel_Rarely,Healthcare Representative,2,3,20,3,2,1,2,0,1495,96,21534,6651,14,1,1,3,2,2,3,4,Technical Degree,No,5
40,1,1474,Male,Divorced,Y,No,2,80,Research & Development,Travel_Rarely,Research Scientist,1,3,8,3,1,1,2,3,896,68,8045,2345,14,1,3,3,3,4,3,3,Medical,No,2
44,1,1475,Male,Single,Y,No,1,80,Research & Development,Travel_Rarely,Research Scientist,1,3,6,5,2,1,3,3,1467,49,21158,3420,13,0,4,2,3,2,3,3,Life Sciences,No,20
33,1,1477,Male,Married,Y,No,0,80,Sales,Travel_Frequently,Sales Executive,2,3,5,4,3,0,3,2,430,54,17456,4373,14,2,4,1,1,3,3,3,Medical,No,7
34,1,1478,Male,Single,Y,No,3,80,Sales,Travel_Rarely,Sales Executive,2,1,15,13,9,3,12,2,1326,81,15891,4759,18,0,4,1,4,3,3,3,Other,No,3
30,1,1479,Male,Married,Y,No,8,80,Sales,Travel_Rarely,Sales Executive,2,3,4,2,1,2,2,2,1358,96,2939,5301,15,2,4,3,3,2,3,1,Life Sciences,No,16
42,1,1480,Female,Single,Y,No,1,80,Research & Development,Travel_Frequently,Laboratory Technician,1,3,12,12,9,5,8,3,748,74,16458,3673,13,0,1,4,3,3,3,2,Medical,No,9
44,1,1481,Female,Married,Y,No,7,80,Sales,Travel_Frequently,Sales Executive,2,3,11,1,0,0,0,4,383,79,9282,4768,12,1,1,3,3,2,3,5,Marketing,No,1
30,1,1482,Male,Divorced,Y,No,1,80,Research & Development,Non-Travel,Research Scientist,1,3,1,1,0,0,0,2,990,64,7152,1274,13,2,3,3,2,2,3,3,Technical Degree,No,7
57,1,1483,Male,Married,Y,No,0,80,Research & Development,Travel_Rarely,Research Scientist,2,4,13,12,9,2,8,2,405,93,2721,4900,24,1,2,3,1,2,4,2,Life Sciences,No,1
49,1,1484,Male,Divorced,Y,No,3,80,Research & Development,Travel_Rarely,Healthcare Representative,3,3,29,8,7,0,7,3,1490,35,20948,10466,14,2,3,2,2,3,3,4,Life Sciences,No,7
34,1,1485,Male,Divorced,Y,No,7,80,Research & Development,Travel_Frequently,Research Director,4,3,16,14,8,6,9,3,829,71,11929,17007,14,2,2,1,4,2,3,3,Medical,No,15
28,1,1486,Male,Married,Y,No,3,80,Sales,Travel_Frequently,Sales Representative,1,3,5,3,2,1,2,3,1496,92,15747,2909,15,1,1,3,4,4,3,3,Technical Degree,Yes,1
29,1,1487,Female,Single,Y,No,5,80,Sales,Travel_Frequently,Sales Executive,2,3,7,5,3,0,0,4,115,51,17485,5765,11,0,1,2,1,1,3,3,Technical Degree,Yes,13
34,1,1489,Female,Single,Y,Yes,0,80,Sales,Travel_Rarely,Sales Executive,2,2,16,15,9,10,10,2,790,40,7815,4599,23,0,1,2,3,4,4,4,Medical,Yes,24
35,1,1492,Male,Married,Y,No,1,80,Sales,Travel_Rarely,Sales Representative,1,3,1,1,0,0,0,3,660,76,16192,2404,13,1,4,3,1,3,3,1,Life Sciences,No,7
24,1,1494,Male,Single,Y,Yes,2,80,Research & Development,Travel_Frequently,Laboratory Technician,1,3,4,0,0,0,0,2,381,89,16998,3172,11,0,2,1,3,2,3,3,Medical,Yes,9
24,1,1495,Female,Married,Y,No,1,80,Sales,Non-Travel,Sales Representative,1,3,1,1,0,0,0,2,830,78,7103,2033,13,1,4,2,3,3,3,2,Life Sciences,No,13
44,1,1496,Male,Single,Y,Yes,5,80,Research & Development,Travel_Frequently,Manufacturing Director,3,3,16,2,2,2,2,2,1193,86,19719,10209,18,0,2,3,2,2,3,1,Medical,No,2
29,1,1497,Male,Divorced,Y,No,1,80,Sales,Travel_Rarely,Sales Executive,2,2,10,10,7,0,4,3,1246,77,23757,8620,14,2,3,3,3,3,3,3,Life Sciences,No,19
30,1,1499,Male,Divorced,Y,No,0,80,Human Resources,Travel_Rarely,Human Resources,1,3,6,5,3,1,3,3,330,46,15428,2064,21,1,3,3,1,4,4,3,Life Sciences,No,1
55,1,1501,Male,Married,Y,Yes,0,80,Research & Development,Travel_Rarely,Healthcare Representative,2,3,4,3,2,1,2,2,1229,30,16143,4035,16,0,4,3,2,3,3,4,Life Sciences,No,4
33,1,1502,Female,Married,Y,No,8,80,Research & Development,Travel_Rarely,Laboratory Technician,1,2,8,5,4,0,2,5,1099,82,8192,3838,11,0,1,2,4,3,3,4,Medical,No,4
47,1,1503,Female,Married,Y,Yes,3,80,Sales,Travel_Rarely,Sales Executive,2,3,11,5,4,1,2,4,571,78,24200,4591,17,1,3,3,3,2,3,3,Medical,No,14
28,1,1504,Male,Single,Y,No,7,80,Research & Development,Travel_Frequently,Laboratory Technician,1,2,8,0,0,0,0,2,289,38,5355,2561,11,0,3,1,3,2,3,2,Medical,Yes,2
28,1,1506,Male,Divorced,Y,No,1,80,Research & Development,Travel_Rarely,Research Scientist,1,2,1,1,0,0,0,2,1423,72,12530,1563,14,1,1,3,4,1,3,3,Life Sciences,No,1
28,1,1507,Male,Single,Y,No,0,80,Sales,Travel_Frequently,Sales Executive,2,3,5,4,2,1,3,5,467,55,11827,4898,14,0,3,1,4,3,3,3,Life Sciences,No,7
49,1,1509,Female,Married,Y,No,4,80,Research & Development,Travel_Rarely,Laboratory Technician,2,2,10,3,2,1,2,3,271,43,23070,4789,25,1,3,1,1,3,4,2,Medical,No,3
29,1,1513,Female,Married,Y,No,0,80,Research & Development,Travel_Frequently,Laboratory Technician,1,3,4,3,2,0,2,3,410,97,4668,3180,13,3,4,2,3,3,3,1,Life Sciences,No,2
28,1,1514,Male,Married,Y,No,1,80,Research & Development,Travel_Rarely,Manufacturing Director,2,1,8,8,6,1,7,2,1083,96,3173,6549,14,2,3,2,2,2,3,1,Life Sciences,No,29
33,1,1515,Male,Single,Y,Yes,2,80,Research & Development,Travel_Rarely,Healthcare Representative,2,3,14,0,0,0,0,6,516,69,22049,6388,17,0,4,3,1,3,3,5,Life Sciences,No,8
32,1,1516,Male,Single,Y,No,2,80,Research & Development,Travel_Rarely,Manager,3,3,10,5,2,0,0,5,495,64,21072,11244,25,0,3,4,2,4,4,3,Medical,No,10
54,1,1520,Female,Divorced,Y,No,3,80,Research & Development,Travel_Frequently,Manager,4,3,26,14,9,1,12,2,1050,87,24456,16032,20,1,2,4,1,3,4,4,Medical,No,11
29,1,1522,Male,Single,Y,No,6,80,Research & Development,Travel_Rarely,Research Scientist,1,2,11,9,7,0,7,2,224,100,7568,2362,13,0,1,1,3,1,3,4,Technical Degree,Yes,1
44,1,1523,Male,Married,Y,No,3,80,Research & Development,Travel_Rarely,Research Director,4,3,24,20,6,14,17,1,136,32,22074,16328,13,1,4,1,3,4,3,3,Life Sciences,No,28
39,1,1525,Female,Single,Y,No,4,80,Research & Development,Travel_Rarely,Manufacturing Director,3,3,9,2,0,2,2,3,1089,32,9150,8376,18,0,2,2,4,3,3,3,Life Sciences,No,6
46,1,1527,Female,Married,Y,No,8,80,Sales,Travel_Rarely,Manager,4,3,23,13,12,5,1,2,228,51,11380,16606,12,1,3,2,4,4,3,3,Life Sciences,No,3
35,1,1529,Female,Single,Y,No,1,80,Research & Development,Travel_Rarely,Healthcare Representative,3,2,11,11,8,3,3,3,1029,91,21195,8606,19,0,4,2,4,1,3,3,Life Sciences,No,16
23,1,1533,Male,Single,Y,No,0,80,Research & Development,Travel_Rarely,Laboratory Technician,2,3,5,4,3,1,2,2,507,97,24812,2272,14,0,1,3,2,3,3,1,Life Sciences,No,20
40,1,1534,Male,Single,Y,No,3,80,Research & Development,Travel_Rarely,Laboratory Technician,1,3,15,5,4,1,0,3,676,86,21831,2018,14,0,4,1,2,1,3,4,Life Sciences,Yes,9
34,1,1535,Male,Married,Y,Yes,1,80,Sales,Travel_Rarely,Sales Executive,3,2,10,10,9,8,6,3,971,64,12288,7083,14,0,4,3,4,3,3,3,Technical Degree,No,1
31,1,1537,Female,Single,Y,No,1,80,Research & Development,Travel_Frequently,Research Scientist,1,3,7,7,2,7,7,2,561,33,4156,4084,12,0,4,3,1,1,3,3,Life Sciences,Yes,3
50,1,1539,Male,Single,Y,Yes,1,80,Research & Development,Travel_Frequently,Research Director,4,1,32,32,6,13,9,2,333,88,24450,14411,13,0,3,4,4,3,3,5,Medical,No,22
34,1,1541,Male,Married,Y,Yes,0,80,Sales,Travel_Rarely,Sales Representative,1,3,12,11,10,5,7,4,1440,55,4944,2308,25,1,2,3,2,3,4,2,Technical Degree,No,7
42,1,1542,Male,Married,Y,No,4,80,Research & Development,Travel_Rarely,Laboratory Technician,1,2,4,1,0,0,0,3,1210,68,24052,4841,14,1,3,2,2,3,3,3,Medical,No,2
37,1,1543,Male,Married,Y,No,1,80,Research & Development,Travel_Rarely,Research Scientist,2,3,10,10,8,3,7,2,674,47,3031,4285,17,0,1,4,1,3,3,3,Medical,No,13
29,1,1544,Female,Married,Y,No,3,80,Research & Development,Travel_Rarely,Healthcare Representative,2,1,9,7,7,0,7,3,441,39,7288,9715,13,1,3,1,3,3,3,1,Other,No,8
33,1,1545,Male,Single,Y,No,1,80,Research & Development,Travel_Rarely,Manufacturing Director,2,2,5,5,3,0,2,2,575,44,24152,4320,13,0,4,2,4,3,3,3,Life Sciences,No,25
45,1,1546,Male,Married,Y,No,4,80,Research & Development,Travel_Rarely,Research Scientist,1,3,8,5,4,0,3,3,950,97,4585,2132,20,1,4,4,4,3,4,3,Technical Degree,No,28
42,1,1547,Male,Married,Y,Yes,2,80,Research & Development,Travel_Frequently,Healthcare Representative,3,3,24,20,8,13,9,3,288,40,18611,10124,14,1,4,4,3,1,3,3,Life Sciences,No,2
40,1,1548,Male,Married,Y,No,0,80,Sales,Travel_Rarely,Sales Executive,2,3,9,8,4,7,1,5,1342,47,19345,5473,12,0,1,1,4,4,3,2,Medical,No,9
33,1,1549,Male,Married,Y,Yes,1,80,Research & Development,Travel_Rarely,Laboratory Technician,2,3,15,15,14,5,7,3,589,79,22949,5207,12,1,2,3,2,3,3,4,Life Sciences,No,28
40,1,1550,Male,Single,Y,Yes,1,80,Human Resources,Travel_Rarely,Manager,4,3,21,21,7,7,7,2,898,38,17381,16437,21,0,3,4,4,3,4,2,Medical,No,6
24,1,1551,Male,Divorced,Y,No,0,80,Research & Development,Travel_Rarely,Laboratory Technician,1,2,2,1,1,0,0,3,350,57,10036,2296,14,3,3,1,2,3,3,2,Technical Degree,No,21
40,1,1552,Male,Divorced,Y,Yes,3,80,Research & Development,Non-Travel,Healthcare Representative,2,3,8,2,2,2,2,2,1142,72,8841,4069,18,0,4,4,3,3,3,2,Life Sciences,No,8
45,1,1553,Male,Divorced,Y,No,1,80,Research & Development,Travel_Rarely,Healthcare Representative,3,3,10,10,8,7,7,4,538,66,20933,7441,12,3,1,2,1,3,3,4,Technical Degree,No,1
35,1,1554,Female,Married,Y,No,0,80,Sales,Travel_Rarely,Sales Representative,1,2,6,5,3,4,2,5,1402,98,26204,2430,23,2,2,3,1,3,4,4,Life Sciences,No,28
32,1,1555,Female,Married,Y,No,3,80,Research & Development,Travel_Rarely,Research Scientist,2,2,12,7,1,2,5,2,824,67,15624,5878,12,1,4,2,1,3,3,2,Life Sciences,No,5
36,1,1556,Male,Single,Y,Yes,3,80,Sales,Travel_Rarely,Sales Representative,1,3,7,3,2,1,2,3,1157,70,17001,2644,21,0,3,4,4,2,4,4,Life Sciences,No,2
48,1,1557,Female,Divorced,Y,No,8,80,Sales,Travel_Rarely,Sales Executive,2,3,18,8,7,7,7,2,492,96,13693,6439,14,1,3,3,3,3,3,4,Life Sciences,No,16
29,1,1558,Male,Married,Y,No,6,80,Research & Development,Travel_Rarely,Research Scientist,1,4,5,1,0,0,0,2,598,91,22376,2451,18,2,3,3,1,2,3,3,Life Sciences,No,9
33,1,1560,Male,Married,Y,No,2,80,Sales,Travel_Rarely,Sales Executive,2,3,8,2,2,2,2,6,1242,46,10589,6392,13,1,1,1,4,1,3,4,Life Sciences,No,8
30,1,1562,Male,Married,Y,No,1,80,Sales,Travel_Rarely,Sales Executive,2,2,10,10,8,6,7,4,740,64,5323,9714,11,1,2,1,4,3,3,3,Life Sciences,Yes,1
38,1,1563,Male,Married,Y,No,3,80,Human Resources,Travel_Frequently,Human Resources,2,3,10,6,3,1,2,2,888,71,14814,6077,11,0,3,3,3,3,3,4,Human Resources,No,10
35,1,1564,Male,Single,Y,No,1,80,Research & Development,Travel_Rarely,Laboratory Technician,1,2,3,3,0,1,2,3,992,68,21731,2450,19,0,4,1,2,3,3,3,Medical,No,1
30,1,1568,Male,Married,Y,No,3,80,Sales,Travel_Rarely,Sales Executive,3,3,9,4,2,1,3,3,1288,33,17799,9250,12,1,3,2,2,3,3,4,Technical Degree,No,29
35,1,1569,Female,Divorced,Y,Yes,1,80,Research & Development,Travel_Rarely,Laboratory Technician,1,3,1,1,0,0,0,2,104,69,26619,2074,12,1,1,1,4,3,3,3,Life Sciences,Yes,2
53,1,1572,Female,Married,Y,No,0,80,Research & Development,Travel_Rarely,Manufacturing Director,3,2,34,33,7,1,9,4,607,78,14618,10169,16,1,3,4,2,3,3,5,Technical Degree,Yes,2
38,1,1573,Male,Married,Y,No,4,80,Research & Development,Travel_Rarely,Manufacturing Director,2,3,7,5,2,1,4,2,903,81,7653,4855,11,2,3,2,1,3,3,3,Medical,Yes,2
32,1,1574,Male,Married,Y,No,4,80,Research & Development,Non-Travel,Research Scientist,2,3,9,6,5,1,2,3,1200,62,25174,4087,14,1,4,1,2,2,3,4,Technical Degree,No,1
48,1,1576,Female,Married,Y,No,8,80,Research & Development,Travel_Rarely,Research Scientist,1,3,10,8,2,7,6,3,1108,65,16530,2367,12,1,3,1,4,2,3,4,Other,No,15
34,1,1577,Male,Single,Y,No,1,80,Research & Development,Travel_Rarely,Research Scientist,1,3,1,1,0,0,0,4,479,35,22061,2972,13,0,1,4,3,1,3,4,Medical,No,7
55,1,1578,Male,Married,Y,No,1,80,Sales,Travel_Rarely,Manager,5,2,36,36,6,2,13,3,685,60,23037,19586,21,1,3,4,3,3,4,5,Marketing,No,26
34,1,1580,Male,Married,Y,No,9,80,Research & Development,Travel_Rarely,Research Scientist,2,3,9,2,2,2,1,3,1351,45,13008,5484,17,1,2,4,2,2,3,4,Life Sciences,No,1
26,1,1581,Female,Married,Y,No,1,80,Research & Development,Travel_Rarely,Research Scientist,1,3,1,1,0,0,0,5,474,89,11133,2061,21,0,1,4,1,3,4,3,Life Sciences,No,3
38,1,1582,Male,Married,Y,No,0,80,Sales,Travel_Rarely,Sales Executive,2,3,10,9,8,7,7,3,1245,80,12355,9924,11,1,3,2,4,3,3,3,Life Sciences,No,14
38,1,1583,Female,Single,Y,No,2,80,Sales,Travel_Rarely,Sales Executive,2,3,8,3,2,1,2,5,437,90,16379,4198,12,0,2,2,2,4,3,3,Life Sciences,No,16
36,1,1585,Female,Single,Y,No,6,80,Sales,Travel_Rarely,Sales Executive,2,3,15,1,0,0,0,5,884,73,21447,6815,13,0,2,3,1,3,3,4,Life Sciences,No,1
29,1,1586,Male,Single,Y,Yes,1,80,Research & Development,Travel_Rarely,Laboratory Technician,1,3,10,10,9,1,5,3,1370,87,16213,4723,18,0,2,1,4,3,3,1,Medical,No,3
35,1,1587,Female,Single,Y,Yes,3,80,Research & Development,Travel_Rarely,Healthcare Representative,2,3,10,5,2,0,4,4,670,51,4223,6142,16,0,1,3,3,3,3,4,Medical,No,10
39,1,1588,Male,Married,Y,No,2,80,Sales,Travel_Rarely,Sales Executive,3,4,11,7,6,7,6,3,1462,38,4658,8237,11,1,4,3,1,3,3,3,Medical,No,6
29,1,1590,Male,Divorced,Y,No,1,80,Research & Development,Travel_Frequently,Healthcare Representative,2,3,6,6,4,1,3,0,995,87,24483,8853,19,1,1,4,4,4,3,1,Life Sciences,No,2
50,1,1591,Male,Married,Y,Yes,4,80,Sales,Travel_Rarely,Manager,5,3,27,1,0,0,0,2,264,59,19519,19331,16,1,3,3,3,3,3,3,Marketing,No,9
23,1,1592,Male,Married,Y,No,2,80,Research & Development,Travel_Rarely,Research Scientist,1,4,4,2,2,2,2,2,977,45,12826,2073,16,1,4,3,4,3,3,3,Technical Degree,No,10
36,1,1594,Male,Married,Y,Yes,3,80,Research & Development,Travel_Frequently,Laboratory Technician,2,4,9,3,2,0,2,3,1302,80,19711,5562,13,1,1,1,4,3,3,4,Life Sciences,No,6
42,1,1595,Male,Single,Y,No,8,80,Research & Development,Travel_Rarely,Manager,5,2,24,1,0,0,1,2,1059,93,26362,19613,22,0,4,4,4,3,4,2,Other,No,9
35,1,1596,Male,Married,Y,No,1,80,Research & Development,Travel_Rarely,Laboratory Technician,2,4,10,10,9,6,8,3,750,46,25348,3407,17,2,2,3,4,2,3,3,Life Sciences,No,28
34,1,1597,Male,Married,Y,No,1,80,Research & Development,Travel_Frequently,Healthcare Representative,2,2,8,8,2,7,7,3,653,92,15332,5063,14,1,4,3,2,2,3,4,Technical Degree,No,10
40,1,1598,Female,Married,Y,No,1,80,Sales,Travel_Rarely,Sales Executive,2,3,5,5,4,1,2,2,118,84,11262,4639,15,1,4,1,3,3,3,2,Life Sciences,No,14
43,1,1599,Male,Divorced,Y,No,5,80,Research & Development,Travel_Rarely,Laboratory Technician,1,4,8,6,4,0,2,0,990,87,5855,4876,12,1,4,2,3,3,3,3,Technical Degree,No,27
35,1,1601,Male,Married,Y,No,1,80,Research & Development,Travel_Rarely,Laboratory Technician,1,2,1,1,0,0,1,5,1349,63,7713,2690,18,1,3,4,4,2,3,2,Life Sciences,No,7
46,1,1602,Male,Single,Y,No,1,80,Sales,Travel_Rarely,Manager,4,4,27,26,0,0,12,5,563,56,3156,17567,15,0,4,1,2,1,3,4,Life Sciences,No,1
28,1,1604,Male,Married,Y,Yes,1,80,Research & Development,Travel_Rarely,Laboratory Technician,1,3,1,1,1,0,0,3,329,51,7324,2408,17,3,3,2,3,3,3,3,Medical,Yes,24
22,1,1605,Female,Married,Y,Yes,1,80,Research & Development,Non-Travel,Research Scientist,1,2,4,4,2,1,3,2,457,85,10293,2814,14,0,2,3,2,2,3,2,Other,No,26
50,1,1606,Male,Married,Y,Yes,2,80,Research & Development,Travel_Frequently,Healthcare Representative,4,3,32,30,8,12,13,3,1234,41,20689,11245,15,1,2,3,3,3,3,5,Medical,No,20
32,1,1607,Female,Married,Y,No,3,80,Research & Development,Travel_Rarely,Research Scientist,1,4,6,3,2,0,2,3,634,35,18783,3312,17,2,2,4,4,3,3,4,Other,No,5
44,1,1608,Female,Divorced,Y,Yes,0,80,Research & Development,Travel_Rarely,Research Director,5,3,23,22,7,1,10,4,1313,31,3549,19049,14,1,2,4,4,2,3,3,Medical,No,7
30,1,1609,Male,Married,Y,No,1,80,Research & Development,Travel_Rarely,Research Scientist,1,2,6,6,4,1,1,3,241,48,5348,2141,12,1,2,2,2,2,3,3,Medical,No,7
45,1,1611,Female,Single,Y,Yes,1,80,Research & Development,Travel_Rarely,Laboratory Technician,2,1,10,10,7,1,4,3,1015,50,23447,5769,14,0,3,1,1,3,3,5,Medical,No,5
45,1,1612,Male,Married,Y,No,1,80,Sales,Non-Travel,Sales Executive,2,2,10,10,7,4,5,2,336,52,24162,4385,15,1,1,1,1,3,3,3,Marketing,No,26
31,1,1613,Male,Single,Y,No,7,80,Sales,Travel_Frequently,Sales Executive,2,3,10,5,2,0,3,3,715,54,21602,5332,13,0,4,1,4,3,3,4,Other,No,2
36,1,1614,Female,Married,Y,Yes,9,80,Research & Development,Travel_Rarely,Manufacturing Director,2,3,7,3,2,1,1,2,559,76,12421,4663,12,2,3,3,2,3,3,4,Life Sciences,No,12
34,1,1615,Male,Divorced,Y,No,1,80,Research & Development,Travel_Frequently,Manufacturing Director,2,4,9,9,7,7,2,3,426,42,17000,4724,13,1,3,4,1,3,3,4,Life Sciences,No,10
49,1,1617,Female,Married,Y,No,1,80,Research & Development,Travel_Rarely,Laboratory Technician,1,3,10,9,6,1,4,3,722,84,22102,3211,14,1,3,1,4,2,3,4,Life Sciences,No,25
39,1,1618,Male,Married,Y,No,2,80,Research & Development,Travel_Rarely,Manufacturing Director,2,3,10,7,7,7,7,3,1387,76,3835,5377,13,3,2,1,4,3,3,5,Medical,No,10
27,1,1619,Male,Divorced,Y,No,1,80,Research & Development,Travel_Rarely,Laboratory Technician,1,2,7,7,7,0,7,3,1302,67,16290,4066,11,2,4,1,1,3,3,3,Other,No,19
35,1,1621,Male,Married,Y,No,1,80,Research & Development,Travel_Rarely,Research Scientist,2,4,16,16,15,1,10,2,819,48,26312,5208,11,0,2,1,4,3,3,5,Life Sciences,No,18
28,1,1622,Female,Divorced,Y,No,0,80,Research & Development,Travel_Rarely,Manufacturing Director,2,1,6,5,3,0,0,5,580,39,20460,4877,21,1,2,1,2,2,4,3,Medical,No,27
21,1,1623,Male,Single,Y,No,1,80,Research & Development,Travel_Rarely,Research Scientist,1,3,3,2,2,2,2,2,546,97,26009,3117,18,0,3,4,3,3,3,1,Medical,No,5
18,1,1624,Female,Single,Y,Yes,1,80,Sales,Travel_Frequently,Sales Representative,1,3,0,0,0,0,0,2,544,70,18420,1569,12,0,2,4,3,4,3,2,Medical,Yes,3
47,1,1625,Female,Married,Y,No,3,80,Human Resources,Travel_Rarely,Manager,5,3,27,5,2,1,0,2,1176,98,5220,19658,11,1,4,3,3,3,3,4,Life Sciences,No,26
39,1,1627,Male,Divorced,Y,No,0,80,Research & Development,Travel_Rarely,Laboratory Technician,2,2,11,10,8,0,7,3,170,76,10302,3069,15,1,3,3,4,3,3,2,Medical,No,3
40,1,1628,Female,Married,Y,No,1,80,Research & Development,Travel_Rarely,Manufacturing Director,3,2,18,18,15,14,12,2,884,80,25800,10435,13,2,1,3,4,3,3,3,Life Sciences,No,15
35,1,1630,Female,Married,Y,No,1,80,Research & Development,Non-Travel,Healthcare Representative,2,3,15,14,11,2,9,5,208,52,12250,4148,12,1,3,3,4,3,3,4,Life Sciences,No,8
37,1,1631,Male,Married,Y,No,3,80,Research & Development,Travel_Rarely,Manufacturing Director,2,3,9,4,3,0,2,2,671,85,26493,5768,17,3,3,3,1,2,3,3,Life Sciences,No,19
39,1,1633,Female,Single,Y,No,0,80,Research & Development,Travel_Frequently,Manufacturing Director,2,3,10,9,2,3,8,2,711,81,3140,5042,13,0,1,3,4,1,3,3,Medical,No,4
45,1,1635,Female,Divorced,Y,No,1,80,Research & Development,Travel_Rarely,Manufacturing Director,2,2,10,10,7,3,9,3,1329,59,5388,5770,19,2,4,4,1,3,3,2,Other,No,2
38,1,1638,Female,Married,Y,Yes,3,80,Research & Development,Travel_Rarely,Manufacturing Director,3,2,10,5,4,0,2,6,397,54,14199,7756,19,1,4,3,4,4,3,2,Medical,No,2
35,1,1639,Male,Married,Y,No,9,80,Sales,Travel_Rarely,Sales Executive,3,2,15,13,12,6,0,3,737,55,21530,10306,17,0,4,1,3,3,3,3,Medical,Yes,10
37,1,1640,Female,Married,Y,No,1,80,Research & Development,Travel_Rarely,Research Scientist,1,3,8,8,4,7,7,2,1470,71,9953,3936,11,1,2,2,1,1,3,3,Medical,No,10
40,1,1641,Female,Single,Y,Yes,6,80,Research & Development,Travel_Rarely,Manufacturing Director,3,3,18,4,2,3,3,2,448,84,19948,7945,15,0,3,4,4,2,3,3,Life Sciences,No,16
44,1,1642,Male,Married,Y,Yes,4,80,Human Resources,Travel_Frequently,Human Resources,2,3,14,10,7,0,2,3,602,37,10503,5743,11,0,1,4,3,3,3,5,Human Resources,No,1
48,1,1644,Male,Married,Y,No,2,80,Research & Development,Travel_Frequently,Manager,4,2,23,2,2,2,2,3,365,89,5602,15202,25,1,3,4,2,3,4,5,Medical,No,4
35,1,1645,Male,Divorced,Y,Yes,6,80,Sales,Travel_Rarely,Sales Executive,2,1,7,2,2,2,2,2,763,59,22098,5440,14,2,1,4,4,2,3,2,Medical,Yes,15
24,1,1646,Female,Single,Y,Yes,1,80,Research & Development,Travel_Frequently,Research Scientist,1,3,6,6,3,1,3,2,567,32,17218,3760,13,0,1,4,3,3,3,1,Technical Degree,No,2
27,1,1647,Female,Married,Y,No,7,80,Research & Development,Travel_Rarely,Research Scientist,1,4,5,3,2,0,2,0,486,86,22490,3517,17,0,2,3,1,3,3,3,Medical,No,8
27,1,1648,Male,Single,Y,No,2,80,Research & Development,Travel_Frequently,Research Scientist,1,3,6,4,2,1,2,0,591,87,6297,2580,13,0,4,4,3,2,3,3,Medical,No,2
40,1,1649,Male,Single,Y,Yes,3,80,Research & Development,Travel_Rarely,Laboratory Technician,1,3,10,4,2,0,3,3,1329,73,3339,2166,14,0,1,1,2,1,3,3,Life Sciences,Yes,7
29,1,1650,Male,Single,Y,No,9,80,Sales,Travel_Rarely,Sales Executive,2,2,8,5,2,1,4,2,469,42,23413,5869,11,0,3,3,3,3,3,3,Medical,No,10
36,1,1651,Female,Married,Y,No,4,80,Research & Development,Travel_Rarely,Healthcare Representative,3,3,9,3,2,0,2,6,711,42,22792,8008,12,2,2,1,3,3,3,4,Life Sciences,No,5
25,1,1653,Male,Divorced,Y,No,1,80,Research & Development,Travel_Frequently,Manufacturing Director,2,4,7,7,7,0,7,6,772,77,4973,5206,17,2,4,3,3,3,3,1,Life Sciences,No,2
39,1,1654,Male,Married,Y,No,4,80,Research & Development,Travel_Rarely,Manufacturing Director,2,3,7,5,4,1,0,3,492,66,7693,5295,21,0,4,2,3,3,4,3,Medical,No,12
49,1,1655,Female,Married,Y,No,3,80,Research & Development,Travel_Rarely,Research Director,4,3,27,4,2,1,2,2,301,72,3498,16413,16,2,1,2,2,3,3,4,Other,No,22
50,1,1656,Female,Divorced,Y,No,5,80,Research & Development,Travel_Rarely,Research Director,3,2,19,14,11,1,11,3,813,50,21981,13269,15,3,4,1,3,3,3,5,Life Sciences,No,17
20,1,1657,Female,Single,Y,No,1,80,Sales,Travel_Rarely,Sales Representative,1,3,2,2,2,2,2,3,1141,31,13251,2783,19,0,3,3,1,3,3,3,Medical,No,2
34,1,1658,Female,Divorced,Y,No,1,80,Research & Development,Travel_Rarely,Research Scientist,2,3,11,11,8,7,9,2,1130,66,19332,5433,12,1,4,2,3,3,3,3,Life Sciences,No,3
36,1,1659,Male,Single,Y,No,2,80,Research & Development,Travel_Rarely,Laboratory Technician,1,3,15,4,3,1,3,4,311,77,10950,2013,11,0,1,2,3,3,3,3,Life Sciences,No,7
49,1,1661,Female,Married,Y,Yes,2,80,Research & Development,Travel_Rarely,Healthcare Representative,4,2,30,15,11,2,12,3,465,41,11652,13966,19,1,3,3,2,3,3,1,Life Sciences,No,6
36,1,1662,Female,Married,Y,No,0,80,Research & Development,Non-Travel,Manufacturing Director,2,2,4,3,2,1,2,6,894,33,15411,4374,15,0,4,3,3,3,3,4,Medical,No,1
36,1,1664,Male,Divorced,Y,No,6,80,Research & Development,Travel_Rarely,Healthcare Representative,2,4,13,5,4,0,4,3,1040,79,26308,6842,20,1,4,1,1,3,4,2,Life Sciences,No,3
54,1,1665,Female,Married,Y,No,3,80,Research & Development,Travel_Rarely,Manager,4,3,36,10,8,4,7,6,584,91,18685,17426,25,1,2,3,3,3,4,5,Medical,No,22
43,1,1666,Male,Married,Y,No,1,80,Research & Development,Travel_Rarely,Research Director,4,2,14,14,10,6,11,3,1291,65,3525,17603,24,1,3,3,1,3,4,2,Life Sciences,No,15
35,1,1667,Male,Single,Y,Yes,3,80,Sales,Travel_Frequently,Sales Executive,2,3,13,11,9,6,7,2,880,36,10414,4581,24,0,4,4,1,4,4,4,Other,Yes,12
38,1,1668,Male,Married,Y,No,7,80,Research & Development,Travel_Frequently,Research Scientist,2,3,19,13,11,2,9,4,1189,90,9867,4735,15,2,4,4,4,4,3,3,Life Sciences,No,1
29,1,1669,Male,Divorced,Y,Yes,1,80,Sales,Travel_Rarely,Sales Executive,2,2,10,10,0,0,9,3,991,43,3356,4187,13,1,1,2,2,2,3,3,Medical,No,5
33,1,1670,Male,Divorced,Y,No,1,80,Sales,Travel_Rarely,Sales Executive,2,3,6,6,2,0,4,5,392,93,3921,5505,14,2,4,4,3,3,3,4,Medical,No,2
32,1,1671,Male,Divorced,Y,No,0,80,Research & Development,Travel_Rarely,Research Scientist,2,3,10,9,5,1,6,4,977,45,25518,5470,13,2,4,2,3,2,3,3,Medical,No,2
31,1,1673,Female,Married,Y,No,1,80,Sales,Travel_Rarely,Sales Executive,2,3,10,10,0,0,2,2,1112,67,22589,5476,11,2,1,4,1,3,3,4,Life Sciences,No,5
49,1,1674,Female,Divorced,Y,Yes,4,80,Research & Development,Travel_Rarely,Laboratory Technician,1,3,17,2,2,2,2,2,464,74,24941,2587,16,1,4,1,2,2,3,3,Medical,No,16
38,1,1675,Female,Single,Y,No,1,80,Research & Development,Travel_Frequently,Laboratory Technician,1,2,4,4,3,3,3,3,148,42,23826,2440,22,0,4,2,2,3,4,3,Medical,No,2
47,1,1676,Female,Divorced,Y,No,6,80,Sales,Travel_Rarely,Manager,4,4,29,3,2,1,2,2,1225,47,21086,15972,14,3,2,2,3,3,3,4,Life Sciences,No,2
49,1,1677,Male,Single,Y,No,4,80,Research & Development,Travel_Rarely,Manager,4,3,23,8,7,0,0,2,809,36,22384,15379,14,0,3,3,1,3,3,3,Life Sciences,No,1
41,1,1678,Male,Single,Y,Yes,3,80,Sales,Travel_Rarely,Sales Executive,3,3,21,2,0,0,2,2,1206,80,11591,7082,16,0,4,3,4,3,3,2,Life Sciences,No,23
20,1,1680,Male,Single,Y,No,1,80,Sales,Travel_Rarely,Sales Representative,1,3,2,2,2,0,2,3,727,54,21082,2728,11,0,4,1,1,3,3,1,Life Sciences,No,9
33,1,1681,Female,Divorced,Y,Yes,1,80,Sales,Non-Travel,Sales Executive,2,3,7,6,5,1,2,2,530,36,16130,5368,25,1,3,4,3,3,4,3,Life Sciences,No,16
36,1,1682,Male,Married,Y,No,6,80,Research & Development,Travel_Rarely,Healthcare Representative,2,3,10,3,2,0,2,2,1351,80,7419,5347,14,2,1,3,2,2,3,4,Life Sciences,No,26
44,1,1683,Female,Divorced,Y,Yes,4,80,Human Resources,Travel_Rarely,Human Resources,1,3,8,2,2,2,2,2,528,44,4167,3195,18,3,3,4,1,3,3,3,Life Sciences,No,1
23,1,1684,Male,Single,Y,Yes,1,80,Research & Development,Travel_Rarely,Laboratory Technician,1,2,5,5,4,1,2,2,1320,93,20586,3989,11,0,4,3,1,3,3,1,Medical,Yes,8
38,1,1687,Female,Married,Y,No,7,80,Research & Development,Travel_Rarely,Laboratory Technician,1,3,7,0,0,0,0,5,1495,87,26176,3306,19,1,4,3,4,2,3,2,Medical,No,4
53,1,1689,Male,Married,Y,No,3,80,Research & Development,Travel_Rarely,Healthcare Representative,3,4,11,4,3,1,2,2,1395,48,3458,7005,15,0,2,4,3,3,3,4,Medical,No,24
48,1,1691,Female,Married,Y,Yes,2,80,Sales,Travel_Frequently,Sales Representative,1,3,19,9,7,7,7,3,708,95,11740,2655,11,2,4,3,3,3,3,2,Medical,Yes,7
32,1,1692,Male,Single,Y,No,1,80,Research & Development,Travel_Rarely,Laboratory Technician,1,3,1,1,0,0,0,2,1259,95,24852,1393,12,0,4,2,1,3,3,4,Life Sciences,Yes,2
26,1,1693,Male,Single,Y,No,1,80,Research & Development,Non-Travel,Laboratory Technician,1,3,7,7,7,5,7,5,786,76,11925,2570,20,0,4,4,3,3,4,3,Medical,No,7
55,1,1694,Male,Divorced,Y,No,5,80,Research & Development,Travel_Rarely,Research Scientist,1,2,8,4,2,1,2,1,1441,94,23737,3537,12,1,1,2,4,3,3,3,Technical Degree,No,22
34,1,1696,Male,Married,Y,No,1,80,Research & Development,Travel_Rarely,Laboratory Technician,2,2,15,15,10,4,13,3,1157,57,11912,3986,14,1,2,4,3,4,3,2,Medical,No,5
60,1,1697,Male,Divorced,Y,No,3,80,Research & Development,Travel_Rarely,Healthcare Representative,3,1,19,1,0,0,0,2,370,92,20467,10883,20,1,3,4,3,4,4,4,Medical,No,1
33,1,1698,Male,Married,Y,No,1,80,Research & Development,Travel_Rarely,Laboratory Technician,1,4,14,14,11,2,13,6,267,79,13637,2028,18,3,2,2,4,3,3,3,Medical,No,21
37,1,1700,Male,Divorced,Y,No,1,80,Sales,Travel_Frequently,Sales Executive,2,1,6,6,3,1,3,2,1278,31,7677,9525,14,2,3,4,3,2,3,4,Medical,No,1
34,1,1701,Female,Married,Y,No,1,80,Research & Development,Travel_Rarely,Research Scientist,1,2,10,10,9,8,7,3,678,35,20338,2929,12,0,2,4,2,3,3,3,Life Sciences,No,19
23,1,1702,Male,Divorced,Y,Yes,1,80,Sales,Travel_Rarely,Sales Representative,1,3,3,3,2,0,2,2,427,99,25103,2275,21,1,3,4,2,3,4,3,Life Sciences,Yes,7
44,1,1703,Female,Married,Y,Yes,1,80,Research & Development,Travel_Rarely,Healthcare Representative,3,4,9,8,7,6,7,2,921,96,14810,7879,19,1,3,4,2,3,3,3,Life Sciences,No,2
35,1,1704,Male,Single,Y,Yes,0,80,Research & Development,Travel_Frequently,Research Scientist,1,2,6,5,4,1,4,2,146,79,13970,4930,14,0,1,4,3,4,3,4,Medical,No,2
43,1,1706,Male,Married,Y,Yes,1,80,Sales,Travel_Rarely,Sales Executive,2,3,10,10,9,8,8,3,1179,73,6069,7847,17,1,4,4,1,3,3,3,Medical,No,2
24,1,1707,Male,Married,Y,No,1,80,Research & Development,Travel_Rarely,Research Scientist,1,4,5,5,3,0,4,1,581,62,17616,4401,16,1,3,3,4,3,3,3,Medical,No,9
41,1,1708,Male,Single,Y,No,1,80,Sales,Travel_Rarely,Sales Executive,3,3,10,10,8,8,7,3,918,35,15869,9241,12,0,4,3,2,3,3,3,Marketing,No,6
29,1,1709,Female,Married,Y,No,9,80,Research & Development,Travel_Rarely,Laboratory Technician,1,3,9,5,3,1,2,2,1082,43,25412,2974,17,1,4,3,3,3,3,4,Medical,No,9
36,1,1710,Female,Single,Y,No,3,80,Sales,Travel_Rarely,Sales Representative,2,3,17,13,7,6,7,2,530,51,7439,4502,15,0,3,4,3,2,3,4,Life Sciences,No,2
45,1,1712,Male,Married,Y,No,3,80,Research & Development,Non-Travel,Healthcare Representative,3,2,25,23,15,14,4,3,1238,74,3395,10748,23,1,3,3,4,2,4,1,Life Sciences,No,1
24,1,1714,Male,Married,Y,No,1,80,Human Resources,Travel_Rarely,Human Resources,1,1,1,1,0,0,0,2,240,58,11585,1555,11,1,4,3,3,3,3,1,Human Resources,Yes,22
47,1,1716,Male,Married,Y,No,7,80,Sales,Travel_Frequently,Sales Executive,4,1,25,23,5,14,10,3,1093,82,24164,12936,11,0,3,3,3,1,3,3,Life Sciences,Yes,9
26,1,1718,Male,Married,Y,No,1,80,Research & Development,Travel_Rarely,Laboratory Technician,1,1,3,3,2,0,2,3,390,62,6217,2305,15,3,4,3,3,4,3,4,Medical,No,17
45,1,1719,Female,Single,Y,No,1,80,Research & Development,Travel_Rarely,Research Director,4,2,21,21,6,8,6,2,1005,48,17119,16704,11,0,4,2,3,3,3,2,Technical Degree,No,28
32,1,1720,Male,Married,Y,No,6,80,Research & Development,Travel_Frequently,Research Scientist,1,3,10,5,2,1,3,3,585,56,17360,3433,13,1,1,3,1,2,3,3,Life Sciences,No,10
31,1,1721,Male,Married,Y,No,1,80,Research & Development,Travel_Rarely,Laboratory Technician,1,3,6,5,2,0,3,2,741,69,18103,3477,14,1,2,3,4,4,3,4,Life Sciences,No,2
41,1,1722,Male,Married,Y,No,6,80,Human Resources,Non-Travel,Human Resources,2,1,10,3,2,1,2,4,552,60,20794,6430,19,1,3,2,2,3,3,3,Human Resources,No,4
40,1,1724,Female,Married,Y,Yes,2,80,Research & Development,Travel_Rarely,Manufacturing Director,2,3,18,1,0,0,0,3,369,92,5041,6516,16,1,2,1,2,3,3,2,Life Sciences,No,8
24,1,1725,Male,Divorced,Y,No,1,80,Research & Development,Travel_Rarely,Laboratory Technician,1,3,6,6,2,1,2,2,506,91,3622,3907,13,3,2,1,2,4,3,1,Medical,No,29
46,1,1727,Male,Single,Y,No,6,80,Research & Development,Travel_Rarely,Healthcare Representative,2,3,19,10,7,0,9,3,717,34,9697,5562,14,0,3,2,4,3,3,4,Life Sciences,No,13
35,1,1728,Male,Married,Y,No,2,80,Research & Development,Travel_Rarely,Manufacturing Director,2,3,17,7,7,0,7,3,1370,49,5151,6883,16,1,4,3,2,3,3,4,Life Sciences,No,27
30,1,1729,Male,Married,Y,No,1,80,Research & Development,Travel_Rarely,Research Scientist,1,3,10,10,0,0,8,2,793,33,3811,2862,12,1,2,4,2,2,3,1,Life Sciences,No,16
47,1,1731,Male,Married,Y,No,7,80,Sales,Non-Travel,Sales Executive,2,3,4,1,0,0,0,3,543,87,3536,4978,11,1,3,2,4,1,3,4,Marketing,No,2
46,1,1732,Male,Divorced,Y,Yes,4,80,Sales,Travel_Rarely,Sales Executive,3,3,13,10,6,0,3,5,1277,74,5596,10368,12,1,3,4,2,2,3,3,Life Sciences,No,2
36,1,1733,Male,Divorced,Y,Yes,5,80,Sales,Travel_Rarely,Sales Executive,2,2,16,2,2,2,2,3,1456,96,8658,6134,13,3,2,1,2,3,3,5,Marketing,Yes,13
32,1,1734,Male,Single,Y,No,6,80,Sales,Travel_Rarely,Sales Executive,2,1,10,0,0,0,0,2,964,34,12147,6735,15,0,1,2,2,3,3,2,Life Sciences,Yes,1
23,1,1735,Female,Single,Y,No,1,80,Research & Development,Travel_Rarely,Laboratory Technician,1,3,3,3,2,1,2,3,160,51,12862,3295,13,0,3,2,3,1,3,1,Medical,No,4
31,1,1736,Female,Single,Y,No,2,80,Research & Development,Travel_Frequently,Manufacturing Director,2,3,9,5,4,1,4,3,163,30,6670,5238,20,0,4,4,4,2,4,1,Technical Degree,No,24
39,1,1737,Male,Married,Y,Yes,1,80,Research & Development,Non-Travel,Laboratory Technician,2,3,9,9,8,5,8,2,792,77,8989,6472,15,1,4,4,4,3,3,3,Life Sciences,No,1
32,1,1739,Male,Married,Y,No,3,80,Sales,Travel_Rarely,Sales Executive,3,1,10,4,3,0,2,2,371,80,3840,9610,13,1,4,3,3,1,3,3,Life Sciences,No,19
40,1,1740,Male,Single,Y,No,1,80,Sales,Travel_Rarely,Manager,5,3,21,21,8,12,8,3,611,88,4349,19833,14,0,2,2,2,2,3,4,Medical,No,7
45,1,1744,Female,Married,Y,No,4,80,Human Resources,Travel_Rarely,Human Resources,3,1,9,5,0,0,3,2,176,56,6595,9756,21,2,3,3,3,4,4,3,Life Sciences,No,4
30,1,1745,Female,Single,Y,No,0,80,Research & Development,Travel_Frequently,Research Scientist,1,2,10,9,7,0,7,2,1312,78,26427,4968,16,0,4,1,4,3,3,4,Technical Degree,No,2
24,1,1746,Male,Married,Y,No,0,80,Human Resources,Travel_Frequently,Human Resources,1,3,3,2,2,2,1,2,897,59,2097,2145,14,1,1,4,4,3,3,3,Medical,No,10
30,1,1747,Female,Divorced,Y,No,6,80,Human Resources,Travel_Frequently,Human Resources,1,2,6,4,2,1,2,0,600,66,9732,2180,11,1,3,4,3,2,3,3,Human Resources,Yes,8
31,1,1749,Male,Married,Y,No,1,80,Sales,Travel_Rarely,Sales Executive,2,3,6,5,2,0,2,3,1003,51,20943,8346,19,1,1,3,3,3,3,3,Technical Degree,No,5
27,1,1751,Female,Single,Y,No,1,80,Research & Development,Travel_Rarely,Research Scientist,1,3,6,6,2,1,4,5,1054,67,6152,3445,11,0,3,4,3,2,3,3,Medical,No,8
29,1,1752,Female,Single,Y,No,1,80,Sales,Travel_Rarely,Sales Representative,1,1,2,2,2,2,2,3,428,52,14630,2760,13,0,2,2,3,3,3,3,Marketing,Yes,9
29,1,1753,Male,Single,Y,Yes,8,80,Research & Development,Travel_Frequently,Healthcare Representative,2,4,10,3,2,0,2,5,461,70,23060,6294,12,0,4,3,4,4,3,3,Life Sciences,No,1
30,1,1754,Male,Divorced,Y,No,2,80,Sales,Travel_Rarely,Sales Executive,3,2,12,7,7,1,7,2,979,94,3088,7140,11,1,3,1,1,3,3,2,Marketing,No,15
34,1,1755,Male,Married,Y,Yes,0,80,Research & Development,Travel_Rarely,Research Scientist,1,4,6,5,0,1,2,3,181,97,5586,2932,14,3,4,4,1,3,3,4,Medical,No,2
33,1,1756,Female,Single,Y,No,8,80,Sales,Non-Travel,Sales Executive,2,3,13,11,7,1,7,2,1283,62,10697,5147,15,0,4,2,4,2,3,3,Marketing,No,2
49,1,1757,Female,Single,Y,No,3,80,Sales,Travel_Rarely,Sales Executive,2,3,8,5,1,0,4,1,1313,80,8191,4507,12,0,4,4,3,4,3,4,Marketing,No,11
33,1,1758,Female,Single,Y,Yes,2,80,Sales,Travel_Rarely,Sales Executive,3,3,11,0,0,0,0,2,211,74,10092,8564,20,0,1,1,3,2,4,3,Life Sciences,Yes,16
38,1,1760,Female,Married,Y,No,4,80,Research & Development,Travel_Frequently,Laboratory Technician,1,2,9,6,1,0,5,4,594,75,15963,2468,14,1,3,2,2,2,3,2,Medical,No,2
31,1,1761,Male,Married,Y,No,2,80,Sales,Travel_Rarely,Sales Executive,3,3,10,1,0,0,0,2,1079,70,19002,8161,13,3,1,3,1,3,3,4,Marketing,Yes,16
29,1,1762,Female,Divorced,Y,No,1,80,Research & Development,Travel_Rarely,Research Scientist,1,2,1,1,0,0,0,2,590,91,10007,2109,13,1,4,1,3,3,3,3,Technical Degree,No,4
30,1,1763,Male,Married,Y,No,3,80,Research & Development,Travel_Rarely,Healthcare Representative,2,4,10,7,0,1,7,3,305,58,9128,5294,16,1,3,3,3,3,3,3,Life Sciences,No,16
32,1,1764,Male,Single,Y,No,2,80,Research & Development,Non-Travel,Research Scientist,1,3,12,7,7,0,7,3,953,65,17674,2718,14,0,2,2,2,3,3,4,Technical Degree,No,5
38,1,1766,Male,Married,Y,Yes,3,80,Research & Development,Travel_Rarely,Healthcare Representative,2,1,15,1,0,1,0,2,833,60,24539,5811,16,1,2,4,3,3,3,3,Medical,No,18
43,1,1767,Male,Married,Y,Yes,9,80,Research & Development,Travel_Frequently,Research Scientist,1,2,6,1,0,0,0,4,807,38,15587,2437,16,1,3,3,4,3,3,3,Technical Degree,Yes,17
42,1,1768,Male,Divorced,Y,No,8,80,Research & Development,Travel_Rarely,Laboratory Technician,1,3,7,5,3,0,4,6,855,57,8952,2766,22,3,2,2,2,2,4,3,Medical,No,12
55,1,1770,Male,Married,Y,No,8,80,Research & Development,Travel_Rarely,Research Director,5,2,34,1,0,0,0,2,478,60,19805,19038,12,3,3,1,2,3,3,3,Medical,No,2
33,1,1771,Male,Divorced,Y,No,5,80,Research & Development,Non-Travel,Research Scientist,2,3,11,9,8,1,7,2,775,90,6194,3055,15,2,4,2,4,2,3,3,Technical Degree,No,4
41,1,1772,Male,Divorced,Y,No,1,80,Research & Development,Travel_Rarely,Laboratory Technician,1,3,5,5,3,0,4,2,548,94,20520,2289,20,2,3,1,2,3,4,4,Life Sciences,No,9
34,1,1774,Male,Divorced,Y,Yes,1,80,Sales,Non-Travel,Sales Executive,2,3,15,15,14,0,7,3,1375,87,12313,4001,14,1,4,3,3,3,3,3,Life Sciences,No,10
53,1,1775,Female,Married,Y,Yes,4,80,Research & Development,Non-Travel,Manufacturing Director,4,2,27,3,2,0,2,2,661,60,22308,12965,20,3,1,3,4,2,4,4,Medical,No,1
43,1,1778,Male,Single,Y,No,0,80,Human Resources,Travel_Rarely,Human Resources,1,3,10,9,7,1,8,5,244,97,5033,3539,13,0,2,4,2,3,3,3,Life Sciences,No,2
34,1,1779,Female,Single,Y,No,5,80,Sales,Travel_Rarely,Sales Executive,2,1,6,2,2,2,2,3,511,32,25353,6029,12,0,4,4,1,3,3,2,Life Sciences,No,3
21,1,1780,Male,Single,Y,No,1,80,Sales,Travel_Rarely,Sales Representative,1,3,1,1,0,1,0,3,337,31,4567,2679,13,0,2,2,2,3,3,1,Marketing,Yes,7
38,1,1782,Female,Married,Y,No,1,80,Research & Development,Travel_Rarely,Laboratory Technician,1,2,5,5,4,0,4,3,1153,40,16376,3702,11,1,4,3,2,3,3,2,Other,No,6
22,1,1783,Female,Married,Y,Yes,1,80,Research & Development,Travel_Rarely,Laboratory Technician,1,3,1,1,0,0,0,6,1294,79,15999,2398,17,0,3,1,3,3,3,1,Medical,Yes,8
31,1,1784,Female,Married,Y,No,1,80,Sales,Travel_Rarely,Sales Executive,2,2,13,12,7,5,7,3,196,91,13402,5468,14,2,1,4,1,3,3,4,Marketing,No,29
51,1,1786,Female,Married,Y,No,2,80,Research & Development,Travel_Rarely,Manager,3,3,15,2,2,2,2,2,942,53,22984,13116,11,0,1,3,4,3,3,3,Technical Degree,No,3
37,1,1787,Male,Married,Y,No,1,80,Sales,Travel_Rarely,Sales Executive,2,2,5,5,2,0,3,2,589,46,8800,4189,14,2,2,2,1,3,3,2,Marketing,No,9
46,1,1789,Male,Divorced,Y,Yes,7,80,Research & Development,Travel_Rarely,Research Director,5,3,24,2,1,2,2,3,734,46,14218,19328,17,1,3,4,3,3,3,4,Medical,No,2
36,1,1790,Male,Married,Y,Yes,7,80,Research & Development,Travel_Rarely,Healthcare Representative,3,3,15,12,8,5,7,1,1383,90,25949,8321,13,1,4,1,4,3,3,3,Life Sciences,No,10
44,1,1792,Male,Divorced,Y,Yes,1,80,Research & Development,Travel_Frequently,Research Scientist,1,3,6,5,3,2,3,2,429,99,11092,2342,12,3,3,2,3,2,3,2,Medical,Yes,1
37,1,1794,Male,Divorced,Y,No,2,80,Human Resources,Travel_Rarely,Human Resources,2,3,19,10,0,4,7,4,1239,89,12832,4071,13,0,3,2,3,2,3,2,Other,No,8
35,1,1797,Male,Single,Y,Yes,1,80,Sales,Travel_Rarely,Sales Executive,2,3,10,10,7,7,7,2,303,84,13492,5813,18,0,3,4,4,3,3,3,Life Sciences,Yes,27
33,1,1798,Male,Married,Y,No,6,80,Research & Development,Travel_Rarely,Research Scientist,1,4,14,10,8,7,6,1,867,90,6076,3143,19,1,4,1,2,3,3,4,Life Sciences,No,8
28,1,1799,Male,Married,Y,No,1,80,Research & Development,Travel_Rarely,Research Scientist,1,3,5,5,3,0,3,6,1181,82,5531,2044,11,1,3,4,3,4,3,3,Life Sciences,No,1
39,1,1800,Male,Single,Y,No,7,80,Research & Development,Travel_Rarely,Research Director,3,3,9,4,3,2,2,3,1253,65,7914,13464,21,0,3,3,3,3,4,1,Medical,No,10
46,1,1801,Male,Single,Y,No,8,80,Sales,Non-Travel,Sales Executive,2,2,6,2,2,2,2,3,849,98,25166,7991,15,0,2,2,3,3,3,2,Life Sciences,No,26
40,1,1802,Female,Married,Y,No,4,80,Research & Development,Travel_Rarely,Laboratory Technician,1,3,7,4,3,0,2,5,616,99,25605,3377,17,1,3,1,4,2,3,2,Life Sciences,No,2
42,1,1803,Male,Married,Y,No,5,80,Research & Development,Travel_Rarely,Healthcare Representative,2,4,10,0,0,0,0,2,1128,95,5696,5538,18,2,2,1,3,2,3,3,Medical,No,13
35,1,1804,Male,Divorced,Y,No,2,80,Research & Development,Non-Travel,Manufacturing Director,2,3,15,7,7,1,7,6,1180,90,24442,5762,14,1,2,4,3,3,3,2,Medical,No,2
38,1,1805,Male,Divorced,Y,No,5,80,Human Resources,Non-Travel,Human Resources,1,3,13,11,10,3,8,3,1336,100,7129,2592,13,3,1,2,4,3,3,3,Human Resources,No,2
34,1,1807,Male,Married,Y,No,4,80,Research & Development,Travel_Frequently,Laboratory Technician,2,3,11,7,1,0,7,3,234,93,6208,5346,17,1,4,1,3,2,3,4,Life Sciences,Yes,9
37,1,1809,Male,Single,Y,No,1,80,Research & Development,Travel_Rarely,Manufacturing Director,2,3,10,10,3,0,8,4,370,58,4992,4213,15,0,4,1,2,1,3,4,Medical,Yes,10
39,1,1812,Male,Divorced,Y,No,2,80,Sales,Travel_Frequently,Sales Executive,2,3,7,2,1,2,2,6,766,83,19188,4127,18,1,3,4,4,3,3,3,Life Sciences,No,20
43,1,1813,Male,Single,Y,No,4,80,Research & Development,Non-Travel,Research Scientist,1,3,7,3,2,1,2,2,343,52,24978,2438,13,0,1,3,3,2,3,3,Life Sciences,No,9
41,1,1814,Male,Single,Y,No,3,80,Research & Development,Travel_Rarely,Healthcare Representative,2,4,11,3,2,1,2,3,447,85,15530,6870,12,0,2,2,1,1,3,3,Life Sciences,No,5
41,1,1815,Female,Divorced,Y,Yes,0,80,Sales,Travel_Rarely,Sales Executive,3,3,23,22,14,13,5,3,796,81,26458,10447,13,1,3,3,4,4,3,1,Marketing,No,4
30,1,1816,Female,Single,Y,No,9,80,Research & Development,Travel_Rarely,Manufacturing Director,3,3,9,7,7,0,2,3,1092,64,2739,9667,14,0,1,3,2,3,3,3,Medical,No,10
26,1,1818,Female,Married,Y,Yes,0,80,Human Resources,Travel_Rarely,Human Resources,1,3,6,5,1,1,4,3,920,69,6889,2148,11,0,4,2,3,3,3,2,Medical,Yes,20
46,1,1821,Female,Married,Y,No,4,80,Research & Development,Travel_Rarely,Healthcare Representative,2,3,13,9,7,3,7,2,261,66,10842,8926,22,1,4,2,4,4,4,2,Medical,Yes,21
40,1,1822,Female,Divorced,Y,No,4,80,Research & Development,Travel_Rarely,Healthcare Representative,2,3,12,5,3,0,3,3,1194,52,9060,6513,17,1,3,4,4,3,3,3,Life Sciences,No,1
34,1,1823,Male,Married,Y,No,1,80,Sales,Travel_Rarely,Sales Executive,2,4,10,10,8,4,8,5,810,92,22128,6799,21,2,2,3,3,3,4,2,Technical Degree,No,8
58,1,1824,Male,Divorced,Y,No,4,80,Sales,Non-Travel,Manager,4,3,37,16,9,14,14,0,350,52,22577,16291,22,1,2,2,4,2,4,3,Medical,No,2
35,1,1826,Male,Married,Y,No,0,80,Research & Development,Travel_Rarely,Laboratory Technician,1,1,6,5,4,0,3,2,185,91,9696,2705,16,1,2,3,2,4,3,4,Medical,No,23
47,1,1827,Female,Divorced,Y,Yes,8,80,Research & Development,Travel_Rarely,Manufacturing Director,3,2,28,22,11,14,10,4,1001,92,19271,10333,12,1,3,2,3,3,3,3,Life Sciences,No,4
40,1,1829,Female,Divorced,Y,No,2,80,Research & Development,Travel_Rarely,Healthcare Representative,2,3,15,7,4,7,7,3,750,47,10748,4448,12,1,2,1,2,3,3,3,Life Sciences,No,12
54,1,1830,Female,Married,Y,No,4,80,Research & Development,Travel_Rarely,Research Scientist,2,3,14,7,1,1,7,2,431,68,15696,6854,15,1,4,4,2,2,3,4,Medical,No,7
31,1,1833,Female,Married,Y,No,2,80,Sales,Travel_Frequently,Sales Executive,3,3,9,3,2,2,2,3,1125,68,8277,9637,14,2,1,1,4,3,3,4,Marketing,No,7
28,1,1834,Female,Married,Y,No,1,80,Research & Development,Travel_Rarely,Research Scientist,1,3,3,3,2,1,2,3,1217,67,12719,3591,25,1,3,1,3,3,4,3,Medical,No,1
38,1,1835,Female,Married,Y,Yes,2,80,Sales,Travel_Rarely,Sales Representative,2,1,20,4,2,0,3,4,723,77,4244,5405,20,2,2,4,1,2,4,4,Marketing,No,2
26,1,1836,Male,Single,Y,No,1,80,Sales,Travel_Rarely,Sales Executive,2,3,5,5,3,1,2,4,572,46,9125,4684,13,0,3,4,1,3,3,3,Medical,No,10
58,1,1837,Male,Married,Y,Yes,2,80,Research & Development,Travel_Frequently,Research Director,4,3,23,2,2,2,2,3,1216,87,21624,15787,14,0,1,3,2,3,3,4,Life Sciences,No,15
18,1,1839,Female,Single,Y,No,1,80,Research & Development,Non-Travel,Research Scientist,1,3,0,0,0,0,0,4,1431,33,8018,1514,16,0,2,3,3,1,3,3,Medical,No,14
31,1,1842,Male,Married,Y,No,0,80,Human Resources,Travel_Rarely,Human Resources,1,4,2,1,0,0,0,4,359,89,21495,2956,17,0,4,1,3,3,3,5,Human Resources,Yes,18
29,1,1844,Male,Divorced,Y,Yes,4,80,Human Resources,Travel_Rarely,Human Resources,1,2,4,2,2,2,0,3,350,56,3157,2335,15,3,1,1,4,3,3,3,Human Resources,Yes,13
45,1,1845,Female,Married,Y,No,4,80,Sales,Non-Travel,Sales Executive,2,3,10,8,7,5,7,3,589,67,19665,5154,22,2,3,3,2,4,4,4,Life Sciences,No,2
36,1,1847,Female,Married,Y,Yes,4,80,Research & Development,Travel_Rarely,Research Scientist,2,3,15,1,0,0,0,2,430,73,19573,6962,22,1,4,2,4,3,4,4,Other,No,2
43,1,1849,Male,Married,Y,No,1,80,Sales,Travel_Frequently,Sales Executive,2,3,7,7,7,7,7,5,1422,92,19246,5675,20,1,1,4,3,3,4,4,Life Sciences,No,2
27,1,1850,Female,Single,Y,Yes,0,80,Research & Development,Travel_Frequently,Laboratory Technician,1,3,6,5,4,0,2,3,1297,53,19826,2379,14,0,4,4,3,2,3,2,Life Sciences,No,5
29,1,1852,Male,Married,Y,No,1,80,Research & Development,Travel_Frequently,Laboratory Technician,1,3,11,11,8,3,10,3,574,40,7003,3812,13,0,4,4,2,4,3,1,Medical,No,20
32,1,1853,Male,Single,Y,No,8,80,Sales,Travel_Frequently,Sales Executive,2,3,4,0,0,0,0,2,1318,79,26075,4648,13,0,4,4,3,4,3,4,Marketing,No,10
42,1,1854,Male,Married,Y,No,3,80,Research & Development,Non-Travel,Research Scientist,1,3,10,6,3,3,3,1,355,38,6161,2936,22,2,3,3,2,2,4,4,Technical Degree,No,10
47,1,1856,Female,Single,Y,No,4,80,Research & Development,Travel_Rarely,Laboratory Technician,1,3,7,2,2,2,0,2,207,64,5411,2105,12,0,2,3,3,3,3,4,Life Sciences,No,9
46,1,1857,Male,Divorced,Y,No,3,80,Research & Development,Travel_Rarely,Manufacturing Director,3,3,12,9,8,4,7,4,706,82,19989,8578,14,1,4,4,3,2,3,2,Life Sciences,No,2
28,1,1858,Male,Divorced,Y,No,1,80,Human Resources,Non-Travel,Human Resources,1,3,3,3,2,2,2,2,280,43,10494,2706,15,1,3,4,2,3,3,2,Life Sciences,No,1
29,1,1859,Male,Divorced,Y,No,8,80,Research & Development,Travel_Rarely,Healthcare Representative,2,1,11,7,0,1,6,3,726,93,21143,6384,17,2,4,3,4,3,3,1,Life Sciences,No,29
42,1,1860,Male,Single,Y,No,4,80,Research & Development,Travel_Rarely,Laboratory Technician,1,3,8,0,0,0,0,3,1142,81,13624,3968,13,0,4,3,4,3,3,3,Life Sciences,No,8
32,1,1862,Male,Single,Y,Yes,7,80,Sales,Travel_Rarely,Sales Executive,2,2,7,2,2,2,2,3,414,82,26186,9907,12,0,3,2,3,2,3,4,Marketing,Yes,2
46,1,1863,Female,Divorced,Y,No,2,80,Sales,Travel_Rarely,Sales Executive,4,4,25,19,17,2,8,5,1319,45,7739,13225,12,1,1,1,4,3,3,3,Technical Degree,No,3
27,1,1864,Female,Married,Y,No,1,80,Sales,Travel_Rarely,Sales Representative,2,2,9,9,8,5,8,5,728,36,7018,3540,21,1,2,3,4,3,4,1,Medical,No,23
29,1,1865,Male,Married,Y,No,1,80,Human Resources,Travel_Rarely,Human Resources,1,2,1,1,0,0,0,3,352,87,15434,2804,11,0,4,2,4,3,3,1,Medical,No,6
43,1,1866,Female,Married,Y,No,7,80,Research & Development,Travel_Rarely,Manager,5,2,21,16,12,6,14,2,823,81,22539,19392,13,0,1,3,4,3,3,3,Medical,No,6
48,1,1867,Male,Married,Y,No,4,80,Research & Development,Travel_Rarely,Research Director,5,2,29,22,10,12,9,3,1224,91,13583,19665,12,0,4,2,4,3,3,3,Life Sciences,No,10
29,1,1868,Male,Single,Y,Yes,1,80,Research & Development,Travel_Frequently,Research Scientist,1,2,1,1,0,1,0,3,459,73,14753,2439,24,0,4,4,2,2,4,2,Life Sciences,Yes,24
46,1,1869,Female,Married,Y,No,5,80,Sales,Travel_Rarely,Sales Executive,3,3,14,8,7,0,7,2,1254,64,14011,7314,21,3,3,2,3,3,4,3,Life Sciences,Yes,10
27,1,1870,Female,Married,Y,No,0,80,Research & Development,Travel_Frequently,Research Scientist,1,2,8,7,6,7,3,2,1131,77,23844,4774,19,1,4,1,4,2,3,3,Life Sciences,No,15
39,1,1871,Male,Divorced,Y,No,8,80,Research & Development,Travel_Rarely,Research Scientist,2,3,7,2,2,2,2,2,835,41,5141,3902,14,3,4,4,2,3,3,4,Other,No,19
55,1,1873,Male,Married,Y,No,8,80,Research & Development,Travel_Rarely,Research Scientist,1,2,19,5,2,0,4,2,836,98,7975,2662,20,1,2,4,2,4,4,4,Technical Degree,No,2
28,1,1875,Female,Married,Y,No,1,80,Sales,Travel_Rarely,Sales Representative,1,3,1,1,0,0,0,3,1172,78,3692,2856,19,1,2,2,4,3,3,3,Medical,No,3
30,1,1876,Male,Single,Y,No,1,80,Sales,Travel_Rarely,Sales Representative,1,3,1,1,0,0,0,3,945,89,16019,1081,13,0,2,4,3,2,3,3,Medical,Yes,9
22,1,1878,Male,Single,Y,Yes,1,80,Research & Development,Travel_Rarely,Research Scientist,1,3,1,1,0,0,0,2,391,75,26092,2472,23,0,4,2,1,3,4,1,Life Sciences,Yes,7
36,1,1880,Female,Married,Y,Yes,1,80,Sales,Travel_Rarely,Sales Executive,2,2,10,10,9,1,7,4,1266,63,6060,5673,13,1,2,3,1,3,3,4,Technical Degree,No,10
31,1,1881,Male,Divorced,Y,No,1,80,Research & Development,Travel_Rarely,Laboratory Technician,2,3,10,10,8,0,2,2,311,89,18624,4197,11,1,2,3,1,3,3,3,Life Sciences,No,20
34,1,1882,Male,Married,Y,Yes,2,80,Sales,Travel_Rarely,Sales Executive,3,3,9,5,3,1,0,3,1480,64,24444,9713,13,3,3,4,4,3,3,3,Life Sciences,No,4
29,1,1883,Male,Single,Y,No,3,80,Research & Development,Travel_Rarely,Laboratory Technician,1,3,11,3,2,1,2,2,592,59,19384,2062,14,0,4,1,2,3,3,3,Life Sciences,No,7
37,1,1885,Male,Married,Y,Yes,5,80,Research & Development,Travel_Rarely,Research Scientist,2,3,16,5,3,0,4,2,783,78,13588,4284,22,1,4,1,3,3,4,4,Medical,No,7
35,1,1886,Female,Married,Y,Yes,0,80,Research & Development,Travel_Rarely,Manufacturing Director,2,2,4,3,2,0,2,2,219,44,25388,4788,11,0,4,2,4,3,3,2,Other,No,16
45,1,1888,Female,Married,Y,No,0,80,Research & Development,Travel_Rarely,Manufacturing Director,2,2,10,9,8,3,8,2,556,93,23888,5906,13,2,2,4,4,2,3,2,Life Sciences,No,25
36,1,1890,Male,Single,Y,No,1,80,Human Resources,Travel_Frequently,Human Resources,2,2,10,10,1,0,8,2,1213,94,4223,3886,21,0,2,4,4,2,4,1,Human Resources,No,2
40,1,1892,Male,Divorced,Y,No,2,80,Research & Development,Travel_Rarely,Manager,4,3,22,19,7,11,16,3,1137,98,18991,16823,11,1,1,1,1,3,3,4,Life Sciences,No,1
26,1,1893,Female,Married,Y,Yes,1,80,Research & Development,Travel_Rarely,Research Scientist,1,2,1,1,0,1,0,3,482,90,14908,2933,13,1,2,3,3,2,3,2,Life Sciences,No,1
27,1,1898,Female,Single,Y,No,0,80,Sales,Travel_Rarely,Sales Executive,2,4,9,8,7,0,7,5,511,89,26997,6500,14,0,1,3,2,2,3,2,Medical,No,2
48,1,1900,Female,Divorced,Y,No,3,80,Research & Development,Travel_Frequently,Manager,4,3,24,22,17,4,7,3,117,58,2437,17174,11,1,4,4,2,3,3,3,Medical,No,22
44,1,1903,Male,Married,Y,No,2,80,Research & Development,Travel_Rarely,Healthcare Representative,2,4,10,2,0,2,2,5,170,78,9364,5033,15,1,2,1,4,3,3,4,Life Sciences,No,1
34,1,1905,Male,Married,Y,Yes,1,80,Research & Development,Non-Travel,Research Scientist,1,1,5,5,2,3,0,2,967,85,14460,2307,23,1,4,1,2,3,4,4,Technical Degree,Yes,16
56,1,1907,Male,Single,Y,No,1,80,Research & Development,Travel_Rarely,Laboratory Technician,1,3,5,4,2,1,0,3,1162,97,10261,2587,16,0,1,4,4,3,3,2,Life Sciences,Yes,24
36,1,1908,Male,Married,Y,No,2,80,Sales,Travel_Rarely,Sales Executive,2,2,12,4,2,1,3,1,335,33,16822,5507,16,2,3,2,3,1,3,2,Marketing,No,17
41,1,1909,Female,Married,Y,No,5,80,Sales,Travel_Rarely,Sales Executive,2,3,14,5,4,1,4,3,337,54,26841,4393,21,1,3,2,3,3,4,3,Marketing,No,8
42,1,1911,Male,Married,Y,No,9,80,Research & Development,Travel_Rarely,Research Director,3,3,18,13,7,5,7,3,1396,83,14842,13348,13,1,3,1,2,4,3,3,Medical,No,6
31,1,1912,Female,Divorced,Y,Yes,2,80,Sales,Travel_Rarely,Sales Executive,2,3,8,5,2,1,4,2,1079,86,20115,6583,11,1,3,4,4,3,3,2,Medical,No,10
34,1,1915,Female,Married,Y,Yes,3,80,Sales,Travel_Rarely,Sales Executive,2,2,9,4,2,0,1,3,735,75,16495,8103,12,0,4,4,3,2,3,1,Medical,No,3
31,1,1916,Female,Divorced,Y,No,8,80,Research & Development,Travel_Rarely,Laboratory Technician,1,4,4,2,2,2,2,0,471,62,16031,3978,12,1,1,3,2,2,3,3,Medical,No,4
26,1,1918,Male,Married,Y,No,0,80,Research & Development,Travel_Frequently,Laboratory Technician,1,4,8,7,7,7,7,3,1096,61,7102,2544,18,1,3,4,1,3,3,3,Other,No,6
45,1,1922,Male,Single,Y,No,4,80,Research & Development,Travel_Frequently,Healthcare Representative,2,3,12,4,2,0,3,3,1297,44,14511,5399,12,0,2,3,3,3,3,4,Medical,No,1
33,1,1924,Male,Single,Y,No,1,80,Sales,Travel_Rarely,Sales Executive,2,3,10,10,4,0,9,2,217,43,10410,5487,14,0,2,3,2,2,3,4,Marketing,No,10
28,1,1927,Male,Married,Y,Yes,1,80,Sales,Travel_Frequently,Sales Executive,2,2,7,7,7,0,7,2,783,42,19255,6834,12,1,3,4,3,3,3,2,Life Sciences,No,1
29,1,1928,Male,Single,Y,No,1,80,Sales,Travel_Frequently,Sales Representative,1,4,1,1,0,0,0,3,746,45,10642,1091,17,0,3,1,4,3,3,3,Technical Degree,Yes,24
39,1,1929,Female,Married,Y,No,6,80,Sales,Non-Travel,Sales Executive,2,1,10,3,2,1,2,1,1251,32,3987,5736,19,1,1,3,3,3,3,4,Life Sciences,No,21
27,1,1931,Male,Married,Y,No,1,80,Research & Development,Travel_Rarely,Research Scientist,1,3,6,5,3,1,2,3,1354,41,6073,2226,11,1,2,2,3,2,3,4,Technical Degree,No,2
34,1,1932,Male,Married,Y,Yes,1,80,Research & Development,Travel_Frequently,Research Scientist,2,2,16,15,10,6,11,3,735,86,26496,5747,15,0,3,4,2,3,3,4,Other,No,22
28,1,1933,Female,Single,Y,Yes,3,80,Sales,Travel_Rarely,Sales Executive,2,3,6,2,0,2,2,0,1475,84,23352,9854,11,0,4,3,4,3,3,2,Marketing,Yes,13
47,1,1934,Male,Married,Y,No,8,80,Research & Development,Non-Travel,Research Scientist,2,3,16,8,7,1,7,4,1169,64,2125,5467,18,1,3,2,3,4,3,4,Technical Degree,No,14
56,1,1935,Female,Married,Y,No,4,80,Sales,Travel_Rarely,Sales Executive,2,2,6,0,0,0,0,3,1443,89,20328,5380,16,1,4,1,3,3,3,5,Marketing,No,11
39,1,1936,Male,Married,Y,No,1,80,Research & Development,Travel_Rarely,Manufacturing Director,2,3,10,10,0,7,9,3,867,87,12315,5151,25,1,1,1,4,3,4,2,Medical,No,9
38,1,1937,Female,Divorced,Y,Yes,1,80,Research & Development,Travel_Frequently,Research Scientist,2,2,20,20,11,0,7,3,1394,58,18115,2133,16,1,4,2,3,3,3,3,Medical,No,8
58,1,1938,Female,Married,Y,Yes,4,80,Sales,Travel_Rarely,Manager,4,3,29,1,0,0,0,2,605,72,11761,17875,13,1,4,4,3,2,3,3,Life Sciences,No,21
32,1,1939,Female,Single,Y,Yes,3,80,Research & Development,Travel_Frequently,Research Scientist,1,4,8,4,1,0,3,2,238,47,15318,2432,14,0,1,3,1,3,3,2,Life Sciences,Yes,5
38,1,1940,Male,Divorced,Y,No,2,80,Research & Development,Travel_Rarely,Research Scientist,1,3,10,5,2,0,3,0,1206,71,14293,4771,19,2,2,4,4,4,3,2,Life Sciences,No,9
49,1,1941,Male,Married,Y,No,3,80,Research & Development,Travel_Frequently,Research Director,5,3,28,5,4,4,3,3,1064,42,13738,19161,15,0,2,4,4,3,3,1,Life Sciences,No,2
42,1,1943,Male,Divorced,Y,Yes,3,80,Sales,Travel_Rarely,Sales Executive,2,3,14,0,0,0,0,4,419,77,2900,5087,12,2,2,4,3,3,3,4,Marketing,No,12
27,1,1944,Female,Married,Y,No,1,80,Human Resources,Travel_Frequently,Human Resources,1,2,1,1,0,0,0,2,1337,58,19555,2863,12,0,1,2,1,3,3,3,Human Resources,Yes,22
35,1,1945,Male,Married,Y,No,0,80,Sales,Travel_Rarely,Sales Executive,2,3,6,5,3,0,4,2,682,71,15975,5561,16,1,2,1,4,1,3,4,Medical,No,18
28,1,1947,Male,Single,Y,No,1,80,Research & Development,Non-Travel,Research Scientist,1,3,5,5,3,1,4,3,1103,49,2122,2144,14,0,3,3,3,2,3,3,Medical,No,16
31,1,1948,Male,Divorced,Y,Yes,1,80,Research & Development,Non-Travel,Research Scientist,1,3,4,4,2,2,3,3,976,48,3995,3065,13,1,3,1,4,4,3,2,Medical,No,3
36,1,1949,Male,Married,Y,No,1,80,Research & Development,Non-Travel,Laboratory Technician,1,4,5,5,4,0,2,3,1351,66,9238,2810,22,0,1,2,2,3,4,4,Life Sciences,No,9
34,1,1950,Male,Single,Y,No,1,80,Sales,Travel_Rarely,Sales Executive,3,3,14,14,8,2,1,3,937,32,6770,9888,21,0,1,4,1,2,4,3,Marketing,No,1
34,1,1951,Male,Divorced,Y,No,1,80,Sales,Travel_Rarely,Sales Executive,3,3,9,8,7,1,1,2,1239,39,22914,8628,18,1,4,3,3,2,3,4,Medical,No,13
26,1,1952,Male,Single,Y,No,0,80,Research & Development,Travel_Rarely,Laboratory Technician,1,3,8,7,7,7,6,6,157,95,20006,2867,13,0,3,1,4,2,3,3,Medical,No,1
29,1,1954,Male,Married,Y,No,0,80,Research & Development,Travel_Rarely,Healthcare Representative,2,3,6,5,3,0,2,5,136,89,6225,5373,12,1,1,1,1,2,3,3,Life Sciences,No,1
32,1,1955,Female,Divorced,Y,No,5,80,Research & Development,Non-Travel,Healthcare Representative,2,3,9,5,1,1,2,6,1146,34,16542,6667,18,1,3,4,2,3,3,4,Medical,No,15
31,1,1956,Male,Married,Y,No,1,80,Research & Development,Travel_Frequently,Research Scientist,2,1,10,10,8,8,7,6,1125,48,5771,5003,21,0,4,1,2,3,4,3,Life Sciences,No,1
28,1,1960,Male,Divorced,Y,No,5,80,Research & Development,Travel_Rarely,Laboratory Technician,1,2,6,4,1,0,3,2,1404,32,18779,2367,12,1,3,4,1,2,3,3,Technical Degree,Yes,17
38,1,1961,Male,Single,Y,No,4,80,Sales,Travel_Rarely,Sales Representative,1,2,20,1,0,0,0,3,1404,59,11473,2858,14,0,1,1,1,2,3,3,Life Sciences,No,1
35,1,1962,Female,Married,Y,Yes,1,80,Sales,Travel_Rarely,Sales Executive,2,3,10,10,8,0,9,2,1224,55,13586,5204,11,0,3,4,4,3,3,4,Life Sciences,No,7
27,1,1965,Male,Single,Y,No,1,80,Sales,Travel_Rarely,Sales Executive,2,3,7,7,7,0,7,5,954,44,5099,4105,14,0,4,4,1,3,3,3,Marketing,No,9
32,1,1966,Male,Single,Y,No,8,80,Research & Development,Travel_Rarely,Manufacturing Director,2,2,8,1,0,0,0,1,1373,56,10138,9679,24,0,4,4,2,3,4,4,Life Sciences,No,5
31,1,1967,Male,Married,Y,Yes,1,80,Sales,Travel_Frequently,Sales Executive,2,3,10,10,7,0,8,4,754,63,21075,5617,11,0,1,4,3,3,3,4,Marketing,Yes,26
53,1,1968,Male,Single,Y,Yes,6,80,Sales,Travel_Rarely,Sales Executive,3,3,15,2,2,2,2,2,1168,66,5843,10448,13,0,1,1,2,2,3,4,Life Sciences,Yes,24
54,1,1969,Female,Married,Y,No,3,80,Research & Development,Travel_Rarely,Research Scientist,2,3,9,4,3,2,3,6,155,67,22474,2897,11,2,1,3,3,2,3,2,Life Sciences,No,9
33,1,1970,Male,Divorced,Y,No,1,80,Research & Development,Travel_Frequently,Healthcare Representative,2,3,9,9,7,2,8,2,1303,36,18079,5968,20,3,4,3,3,3,4,2,Life Sciences,No,7
43,1,1971,Male,Married,Y,No,1,80,Research & Development,Travel_Rarely,Healthcare Representative,3,3,10,10,9,0,9,1,574,30,16873,7510,17,1,1,3,2,3,3,3,Life Sciences,No,11
38,1,1972,Male,Married,Y,Yes,0,80,Human Resources,Travel_Frequently,Human Resources,1,3,7,6,2,1,2,2,1444,88,5224,2991,11,1,4,2,2,3,3,4,Other,No,1
55,1,1973,Male,Married,Y,Yes,4,80,Human Resources,Travel_Rarely,Manager,5,4,35,10,9,1,4,0,189,71,25811,19636,18,1,3,2,1,3,3,4,Human Resources,No,26
31,1,1974,Female,Divorced,Y,Yes,1,80,Research & Development,Travel_Rarely,Laboratory Technician,1,1,1,1,0,0,0,4,1276,59,17536,1129,11,3,4,4,3,3,3,1,Medical,No,2
39,1,1975,Male,Single,Y,No,0,80,Sales,Travel_Rarely,Sales Executive,4,3,21,20,8,11,10,3,119,77,25098,13341,12,0,2,1,1,3,3,4,Marketing,No,15
42,1,1976,Male,Single,Y,No,1,80,Research & Development,Non-Travel,Research Scientist,2,2,20,20,9,3,7,2,335,37,14811,4332,12,0,4,3,4,3,3,2,Life Sciences,No,23
31,1,1979,Female,Married,Y,No,4,80,Research & Development,Non-Travel,Research Director,3,3,13,11,7,4,8,2,697,40,26862,11031,20,1,3,3,3,4,4,3,Medical,No,10
54,1,1980,Female,Single,Y,Yes,6,80,Research & Development,Travel_Rarely,Manufacturing Director,2,3,9,5,2,1,4,3,157,77,25198,4440,19,0,3,1,4,3,3,3,Medical,No,10
24,1,1981,Male,Single,Y,No,1,80,Research & Development,Travel_Rarely,Healthcare Representative,2,2,4,4,3,1,2,2,771,45,14120,4617,12,0,2,3,2,2,3,2,Life Sciences,No,1
23,1,1982,Male,Single,Y,No,1,80,Research & Development,Travel_Rarely,Laboratory Technician,1,3,5,5,2,1,4,6,571,78,13672,2647,13,0,4,4,3,4,3,2,Other,No,12
40,1,1985,Female,Married,Y,No,1,80,Research & Development,Travel_Frequently,Laboratory Technician,2,3,10,10,9,9,4,2,692,73,26849,6323,11,1,4,3,1,4,3,3,Technical Degree,No,11
40,1,1986,Female,Married,Y,No,3,80,Sales,Travel_Rarely,Sales Executive,2,3,15,11,8,5,10,4,444,92,4258,5677,14,1,2,2,3,3,3,2,Marketing,No,2
25,1,1987,Female,Married,Y,No,4,80,Human Resources,Travel_Rarely,Human Resources,1,3,6,2,0,1,2,3,309,82,19655,2187,14,0,3,2,3,3,3,3,Human Resources,No,2
30,1,1989,Male,Married,Y,No,1,80,Research & Development,Travel_Rarely,Laboratory Technician,1,3,12,12,8,1,7,6,911,76,4077,3748,13,0,4,2,3,2,3,2,Medical,No,1
25,1,1992,Male,Divorced,Y,Yes,6,80,Research & Development,Travel_Rarely,Laboratory Technician,1,3,7,2,2,0,2,2,977,57,7298,3977,19,1,4,3,3,2,3,1,Other,No,2
47,1,1993,Male,Single,Y,No,2,80,Research & Development,Travel_Rarely,Healthcare Representative,3,3,25,17,14,12,11,3,1180,84,13084,8633,23,0,1,3,2,3,4,3,Medical,No,25
33,1,1994,Male,Divorced,Y,No,1,80,Research & Development,Non-Travel,Laboratory Technician,1,2,1,1,1,0,0,2,1313,59,20439,2008,12,3,2,3,3,2,3,2,Medical,No,1
38,1,1995,Male,Married,Y,No,0,80,Sales,Travel_Rarely,Sales Executive,2,3,16,15,13,5,8,3,1321,86,7636,4440,15,2,4,2,1,3,3,4,Life Sciences,No,1
31,1,1996,Male,Married,Y,No,0,80,Sales,Travel_Rarely,Sales Representative,1,3,3,2,2,1,2,1,1154,54,6393,3067,19,1,1,3,3,3,3,2,Life Sciences,No,2
38,1,1997,Male,Married,Y,No,2,80,Research & Development,Travel_Frequently,Manufacturing Director,2,2,10,8,3,7,7,1,508,72,14284,5321,11,1,1,3,4,3,3,4,Life Sciences,No,6
42,1,1998,Male,Divorced,Y,Yes,6,80,Research & Development,Travel_Rarely,Research Scientist,2,3,9,4,3,1,2,3,557,35,11189,5410,17,1,4,1,3,2,3,4,Life Sciences,No,18
41,1,1999,Male,Married,Y,No,3,80,Research & Development,Travel_Rarely,Research Scientist,1,3,12,5,3,1,0,3,642,76,21412,2782,22,1,4,4,1,3,4,3,Life Sciences,No,1
47,1,2000,Female,Married,Y,No,0,80,Research & Development,Non-Travel,Research Director,3,3,14,13,8,5,12,3,1162,98,17231,11957,18,2,3,2,1,1,3,1,Medical,No,1
35,1,2003,Male,Married,Y,Yes,7,80,Research & Development,Travel_Rarely,Laboratory Technician,1,3,5,2,2,2,2,3,1490,43,20232,2660,11,1,4,3,3,3,3,4,Medical,No,11
22,1,2007,Male,Single,Y,No,0,80,Research & Development,Travel_Rarely,Research Scientist,1,3,4,3,2,1,2,2,581,63,17624,3375,12,0,4,3,4,4,3,2,Life Sciences,No,1
35,1,2008,Male,Single,Y,No,1,80,Research & Development,Travel_Rarely,Research Scientist,2,3,10,10,7,0,8,5,1395,48,18698,5098,19,0,2,3,2,3,3,4,Medical,No,9
33,1,2009,Female,Married,Y,Yes,0,80,Research & Development,Travel_Rarely,Healthcare Representative,2,3,10,9,7,8,1,6,501,95,21653,4878,13,1,2,4,1,3,3,2,Medical,No,15
32,1,2010,Female,Single,Y,No,1,80,Research & Development,Travel_Rarely,Laboratory Technician,1,2,6,6,2,4,1,3,267,49,15919,2837,13,0,3,2,3,3,3,4,Life Sciences,No,29
40,1,2012,Male,Married,Y,No,8,80,Research & Development,Travel_Rarely,Laboratory Technician,1,3,8,1,0,0,0,3,543,83,4060,2406,19,2,1,4,3,2,3,4,Life Sciences,No,1
32,1,2013,Male,Married,Y,No,0,80,Sales,Travel_Rarely,Sales Representative,1,2,3,2,2,2,2,2,234,68,18024,2269,14,1,2,2,2,3,3,4,Medical,No,1
39,1,2014,Male,Single,Y,No,7,80,Research & Development,Travel_Rarely,Research Scientist,2,3,18,7,7,1,7,2,116,52,5340,4108,13,0,1,4,1,3,3,1,Life Sciences,No,24
38,1,2015,Female,Married,Y,No,3,80,Research & Development,Travel_Rarely,Research Director,3,1,20,18,16,1,11,3,201,99,3376,13206,12,1,2,3,1,3,3,3,Medical,No,10
32,1,2016,Female,Married,Y,No,1,80,Sales,Travel_Rarely,Sales Executive,3,3,14,14,10,5,7,3,801,48,24032,10422,19,2,3,4,3,3,3,4,Marketing,No,1
37,1,2017,Female,Married,Y,Yes,1,80,Research & Development,Travel_Rarely,Research Director,3,4,16,16,11,6,8,2,161,42,15471,13744,25,1,3,4,1,3,4,3,Life Sciences,No,10
25,1,2018,Female,Divorced,Y,Yes,0,80,Sales,Travel_Rarely,Sales Executive,2,3,6,5,3,0,4,3,1382,85,13684,4907,22,1,1,3,2,2,4,2,Other,No,8
52,1,2019,Male,Divorced,Y,No,2,80,Sales,Non-Travel,Sales Representative,1,3,16,9,8,0,0,3,585,40,19788,3482,15,2,1,4,2,2,3,4,Life Sciences,No,29
44,1,2020,Male,Single,Y,Yes,6,80,Research & Development,Travel_Rarely,Research Scientist,1,3,6,4,3,1,2,2,1037,42,13422,2436,12,0,2,4,3,3,3,3,Medical,No,1
21,1,2021,Male,Single,Y,Yes,1,80,Sales,Travel_Rarely,Sales Representative,1,3,2,2,2,1,2,6,501,58,25479,2380,11,0,3,1,4,3,3,1,Medical,No,5
39,1,2022,Male,Single,Y,No,2,80,Research & Development,Non-Travel,Manager,5,3,21,6,0,1,3,3,105,87,15302,19431,13,0,4,4,3,2,3,3,Life Sciences,No,9
23,1,2023,Male,Married,Y,No,1,80,Sales,Travel_Frequently,Sales Representative,1,3,1,1,0,1,0,3,638,33,26956,1790,19,1,4,1,1,2,3,3,Marketing,Yes,9
36,1,2024,Female,Married,Y,No,0,80,Sales,Travel_Rarely,Sales Executive,3,2,10,9,7,3,4,2,557,94,12695,7644,19,2,1,4,3,3,3,3,Medical,No,3
36,1,2025,Female,Divorced,Y,No,7,80,Research & Development,Travel_Frequently,Manufacturing Director,2,3,18,4,2,0,2,3,688,97,9192,5131,13,3,4,2,2,3,3,2,Life Sciences,No,4
56,1,2026,Male,Divorced,Y,No,1,80,Research & Development,Non-Travel,Healthcare Representative,2,3,13,13,12,1,9,2,667,57,26236,6306,21,1,3,3,1,2,4,4,Life Sciences,No,1
29,1,2027,Male,Married,Y,Yes,9,80,Research & Development,Travel_Rarely,Research Scientist,1,3,4,2,2,2,2,3,1092,36,26124,4787,14,3,1,4,2,4,3,4,Medical,Yes,1
42,1,2031,Male,Married,Y,No,5,80,Research & Development,Travel_Rarely,Manager,5,3,24,22,6,4,14,2,300,56,17312,18880,11,0,1,3,1,2,3,3,Life Sciences,No,2
56,1,2032,Male,Married,Y,No,8,80,Research & Development,Travel_Rarely,Laboratory Technician,1,3,14,10,9,9,8,4,310,72,3666,2339,11,1,4,3,4,1,3,2,Technical Degree,Yes,7
41,1,2034,Female,Married,Y,No,0,80,Research & Development,Travel_Rarely,Manufacturing Director,4,2,21,20,7,0,10,3,582,60,5640,13570,23,1,1,2,3,3,4,4,Life Sciences,No,28
34,1,2035,Female,Married,Y,No,1,80,Sales,Travel_Rarely,Sales Executive,2,2,8,8,7,1,7,2,704,95,8978,6712,21,2,4,3,4,3,4,3,Marketing,No,28
36,1,2036,Male,Divorced,Y,No,1,80,Sales,Non-Travel,Sales Executive,2,1,15,15,12,11,11,4,301,88,10436,5406,24,1,4,4,1,2,4,4,Marketing,No,15
41,1,2037,Male,Divorced,Y,No,2,80,Sales,Travel_Rarely,Sales Executive,2,2,14,5,4,0,4,5,930,57,12227,8938,11,1,3,2,3,3,3,3,Life Sciences,No,3
32,1,2038,Male,Single,Y,No,1,80,Research & Development,Travel_Rarely,Research Scientist,1,3,4,4,2,1,2,4,529,78,11288,2439,14,0,4,1,4,3,3,3,Technical Degree,No,2
35,1,2040,Female,Single,Y,Yes,1,80,Human Resources,Travel_Rarely,Human Resources,3,3,9,9,0,1,7,2,1146,31,16642,8837,16,0,3,4,3,3,3,4,Life Sciences,No,26
38,1,2041,Female,Married,Y,No,1,80,Sales,Travel_Rarely,Sales Executive,2,3,10,10,7,1,9,1,345,100,5982,5343,11,1,1,4,3,3,3,2,Life Sciences,No,10
50,1,2044,Male,Divorced,Y,No,7,80,Sales,Travel_Frequently,Sales Executive,2,3,12,6,3,0,1,3,878,94,14255,6728,12,2,2,3,4,3,3,4,Life Sciences,Yes,1
36,1,2045,Female,Married,Y,No,4,80,Sales,Travel_Rarely,Sales Executive,2,2,8,6,3,0,0,2,1120,100,14369,6652,13,1,2,4,1,2,3,4,Marketing,No,11
45,1,2046,Female,Single,Y,No,8,80,Sales,Travel_Rarely,Sales Executive,2,3,8,5,3,0,1,3,374,50,23333,4850,15,0,4,3,3,3,3,3,Life Sciences,No,20
40,1,2048,Male,Single,Y,No,2,80,Research & Development,Travel_Rarely,Research Scientist,1,2,8,2,2,2,2,2,1322,52,2725,2809,14,0,3,3,4,3,3,4,Life Sciences,No,2
35,1,2049,Male,Married,Y,Yes,1,80,Research & Development,Travel_Frequently,Healthcare Representative,2,3,10,10,2,0,2,2,1199,80,24594,5689,14,2,3,3,4,4,3,4,Life Sciences,No,18
40,1,2051,Female,Married,Y,No,2,80,Research & Development,Travel_Rarely,Research Scientist,1,3,20,5,3,0,2,2,1194,98,12549,2001,14,3,3,3,2,3,3,4,Medical,No,2
35,1,2052,Female,Married,Y,No,1,80,Research & Development,Travel_Rarely,Research Scientist,1,1,4,4,3,1,1,5,287,62,8952,2977,12,1,3,4,4,3,3,4,Life Sciences,No,1
29,1,2053,Male,Married,Y,Yes,4,80,Research & Development,Travel_Rarely,Laboratory Technician,2,2,10,4,3,0,3,2,1378,46,23679,4025,13,1,4,2,1,3,3,2,Other,No,13
29,1,2054,Female,Single,Y,No,1,80,Research & Development,Travel_Rarely,Research Scientist,1,2,5,5,4,0,4,3,468,73,8489,3785,14,0,4,1,2,1,3,4,Medical,No,28
50,1,2055,Male,Divorced,Y,Yes,4,80,Sales,Travel_Rarely,Sales Executive,3,2,20,3,2,2,0,3,410,39,16586,10854,13,1,4,1,2,3,3,3,Marketing,Yes,28
39,1,2056,Female,Married,Y,No,0,80,Sales,Travel_Rarely,Sales Executive,4,2,21,20,9,9,6,2,722,60,8828,12031,11,1,2,4,1,2,3,1,Marketing,No,24
31,1,2057,Male,Single,Y,No,0,80,Research & Development,Non-Travel,Manufacturing Director,2,3,10,9,4,1,7,2,325,74,3787,9936,19,0,2,1,2,3,3,3,Medical,No,5
26,1,2060,Female,Single,Y,No,0,80,Sales,Travel_Rarely,Sales Representative,1,2,5,4,2,0,0,2,1167,30,21378,2966,18,0,4,3,4,3,3,3,Other,No,5
36,1,2061,Male,Married,Y,No,4,80,Research & Development,Travel_Frequently,Laboratory Technician,2,4,17,5,2,0,3,3,884,41,12290,2571,17,1,3,4,3,3,3,2,Medical,No,23
39,1,2062,Male,Married,Y,No,4,80,Research & Development,Travel_Rarely,Healthcare Representative,3,2,9,7,7,1,7,5,613,42,21457,9991,15,1,4,1,1,3,3,1,Medical,No,6
27,1,2064,Male,Married,Y,Yes,1,80,Research & Development,Travel_Rarely,Manufacturing Director,2,4,6,6,2,0,3,0,155,87,5174,6142,20,1,2,2,2,3,4,3,Life Sciences,No,4
49,1,2065,Male,Married,Y,No,2,80,Sales,Travel_Frequently,Sales Executive,2,2,17,9,6,0,8,3,1023,63,13243,5390,14,0,4,2,4,2,3,3,Medical,No,2
34,1,2068,Male,Married,Y,No,2,80,Research & Development,Travel_Rarely,Laboratory Technician,2,4,6,4,3,1,2,3,628,82,10228,4404,12,0,2,3,1,4,3,3,Medical,No,8
